X,Y,feature_1,feature_2,feature_3,feature_4,feature_5,feature_6
0,0,0.0,0.0,0.0,0.0,0.0,0.0
0,1,0.0,0.0,0.0,0.0,0.0,0.0
0,2,0.0,0.0,0.0,0.0,0.0,0.0
0,3,0.0,0.0,0.0,0.0,0.0,0.0
0,4,0.0,0.0,0.0,0.0,0.0,0.0
0,5,0.0,0.0,0.0,0.0,0.0,0.0
0,6,0.0,0.0,0.0,0.0,0.0,0.0
0,7,0.0,0.0,0.0,0.0,0.0,0.0
0,8,0.0,0.0,0.0,0.0,0.0,0.0
0,9,0.0,0.0,0.0,0.0,0.0,0.0
0,10,0.0,0.0,0.0,0.0,0.0,0.0
0,11,0.0,0.0,0.0,0.0,0.0,0.0
0,12,0.0,0.0,0.0,0.0,0.0,0.0
0,13,0.0,0.0,0.0,0.0,0.0,0.0
0,14,0.0,0.0,0.0,0.0,0.0,0.0
0,15,0.0,0.0,0.0,0.0,0.0,0.0
0,16,0.0,0.0,0.0,0.0,0.0,0.0
0,17,0.0,0.0,0.0,0.0,0.0,0.0
0,18,0.0,0.0,0.0,0.0,0.0,0.0
0,19,0.0,0.0,0.0,0.0,0.0,0.0
0,20,0.0,0.0,0.0,0.0,0.0,0.0
0,21,0.0,0.0,0.0,0.0,0.0,0.0
0,22,0.0,0.0,0.0,0.0,0.0,0.0
0,23,0.0,0.0,0.0,0.0,0.0,0.0
0,24,0.0,0.0,0.0,0.0,0.0,0.0
0,25,0.0,0.0,0.0,0.0,0.0,0.0
0,26,0.0,0.0,0.0,0.0,0.0,0.0
0,27,0.0,0.0,0.0,0.0,0.0,0.0
0,28,0.0,0.0,0.0,0.0,0.0,1.5522110398412636e-07
0,29,0.0,0.0,0.0,0.0,0.0,0.0
0,30,0.0,0.0,0.0,0.0,0.0,0.0
0,31,0.0,0.0,0.0,0.0,0.0,0.0
0,32,0.0,0.0,0.0,0.0,0.0,0.0
0,33,0.0,0.0,0.0,0.0,0.0,0.0
0,34,0.0,0.0,0.0,0.0,0.0,0.0
0,35,0.0,0.0,0.0,0.0,0.0,0.0
0,36,0.0,0.0,0.0,0.0,0.0,0.0
0,37,0.0,0.0,0.0,0.0,0.0,0.0
0,38,0.0,0.0,0.0,0.0,0.0,0.0
0,39,0.0,0.0,0.0,0.0,0.0,0.0
0,40,0.0,0.0,0.0,0.0,0.0,0.0
0,41,0.0,0.0,0.0,0.0,0.0,0.0
0,42,0.0,0.0,0.0,0.0,0.0,0.0
0,43,0.0,0.0,0.0,0.0,0.0,0.0
0,44,0.0,0.0,0.0,0.0,0.0,0.0
0,45,0.0,0.0,0.0,0.0,0.0,0.0
0,46,0.0,0.0,0.0,0.0,0.0,0.0
0,47,0.0,0.0,0.0,0.0,0.0,0.0
0,48,0.0,0.0,0.0,0.0,0.0,0.0
0,49,0.0,0.0,0.0,0.0,0.0,0.0
1,0,0.0,0.0,0.0,0.0,0.0,0.0
1,1,0.0,0.0,0.0,0.0,0.0,2.3140053952381006e-07
1,2,0.0,0.0,0.0,0.0,0.0,0.0
1,3,0.0,0.0,0.0,0.0,0.0,1.2069398555555563e-07
1,4,0.0,0.0,0.0,0.0,0.0,0.0
1,5,0.0,0.0,0.0,0.0,0.0,0.0
1,6,0.0,0.0,0.0,0.0,0.0,0.0
1,7,0.0,0.0,0.0,0.0,0.0,0.0
1,8,0.0,0.0,0.0,0.0,0.0,0.0
1,9,0.0,0.0,0.0,0.0,0.0,0.0
1,10,0.0,0.0,0.0,0.0,0.0,0.0
1,11,0.0,0.0,0.0,0.0,0.0,0.0
1,12,0.0,0.0,0.0,0.0,0.0,3.056160133333328e-07
1,13,0.0,0.0,0.0,0.0,0.0,0.0
1,14,0.0,0.0,0.0,0.0,0.0,0.0
1,15,0.0,0.0,0.0,0.0,0.0,0.0
1,16,0.0,0.0,0.0,0.0,0.0,0.0
1,17,0.0,0.0,0.0,0.0,0.0,0.0
1,18,0.0,0.0,0.0,0.0,0.0,0.0
1,19,0.0,0.0,0.0,0.0,0.0,0.0
1,20,0.0,0.0,0.0,0.0,0.0,0.0
1,21,0.0,0.0,0.0,0.0,0.0,0.0
1,22,0.0,0.0,0.0,0.0,0.0,0.0
1,23,0.0,0.0,0.0,0.0,0.0,0.0
1,24,0.0,0.0,0.0,0.0,0.0,0.0
1,25,0.0,0.0,0.0,0.0,0.0,0.0
1,26,0.0,0.0,0.0,0.0,0.0,0.0
1,27,0.0,0.0,0.0,0.0,0.0,0.0
1,28,0.0,0.0,0.0,0.0,0.0,0.0
1,29,0.0,0.0,0.0,0.0,0.0,0.0
1,30,0.0,0.0,0.0,0.0,0.0,0.0
1,31,0.0,0.0,0.0,0.0,0.0,0.0
1,32,0.0,0.0,0.0,0.0,0.0,0.0
1,33,0.0,0.0,0.0,0.0,0.0,0.0
1,34,0.0,0.0,0.0,0.0,0.0,0.0
1,35,0.0,0.0,0.0,0.0,0.0,3.918067090476189e-07
1,36,0.0,0.0,0.0,0.0,0.0,0.0
1,37,0.0,0.0,0.0,0.0,0.0,0.0
1,38,0.0,0.0,0.0,0.0,0.0,0.0
1,39,0.0,0.0,0.0,0.0,0.0,0.0
1,40,0.0,0.0,0.0,0.0,0.0,0.0
1,41,0.0,0.0,0.0,0.0,0.0,0.0
1,42,0.0,0.0,0.0,0.0,0.0,0.0
1,43,0.0,0.0,0.0,0.0,0.0,0.0
1,44,0.0,0.0,0.0,0.0,0.0,0.0
1,45,0.0,0.0,0.0,0.0,0.0,0.0
1,46,0.0,0.0,0.0,0.0,0.0,0.0
1,47,0.0,0.0,0.0,0.0,0.0,0.0
1,48,0.0,0.0,0.0,0.0,0.0,0.0
1,49,0.0,0.0,0.0,0.0,0.0,0.0
2,0,0.0,0.0,0.0,0.0,0.0,0.0
2,1,0.0,0.0,0.0,0.0,0.0,0.0
2,2,0.0,0.0,0.0,0.0,0.0,0.0
2,3,0.0,0.0,0.0,0.0,0.0,0.0
2,4,0.0,0.0,0.0,0.0,0.0,0.0
2,5,0.0,0.0,0.0,0.0,0.0,0.0
2,6,0.0,0.0,0.0,0.0,0.0,0.0
2,7,0.0,0.0,0.0,0.0,0.0,0.0
2,8,0.0,0.0,0.0,0.0,0.0,0.0
2,9,0.0,0.0,0.0,0.0,0.0,0.0
2,10,0.0,0.0,0.0,0.0,0.0,0.0
2,11,0.0,0.0,0.0,0.0,0.0,0.0
2,12,0.0,0.0,0.0,0.0,0.0,0.0
2,13,0.0,0.0,0.0,0.0,0.0,0.0
2,14,0.0,0.0,0.0,0.0,0.0,0.0
2,15,0.0,0.0,0.0,0.0,0.0,0.0
2,16,0.0,0.0,0.0,0.0,0.0,0.0
2,17,0.0,0.0,0.0,0.0,0.0,0.0
2,18,0.0,0.0,0.0,0.0,0.0,0.0
2,19,0.0,0.0,0.0,0.0,0.0,0.0
2,20,0.0,0.0,0.0,0.0,0.0,3.229608083013198e-07
2,21,0.0,0.0,0.0,0.0,0.0,0.0
2,22,0.0,0.0,0.0,0.0,0.0,0.0
2,23,0.0,0.0,0.0,0.0,0.0,0.0
2,24,0.0,0.0,0.0,0.0,0.0,0.0
2,25,0.0,0.0,0.0,0.0,0.0,0.0
2,26,0.0,0.0,0.0,0.0,0.0,0.0
2,27,0.0,0.0,0.0,0.0,0.0,0.0
2,28,0.0,0.0,0.0,0.0,0.0,0.0
2,29,0.0,0.0,0.0,0.0,0.0,0.0
2,30,0.0,0.0,0.0,0.0,0.0,0.0
2,31,0.0,0.0,0.0,0.0,0.0,0.0
2,32,0.0,0.0,0.0,0.0,0.0,0.0
2,33,0.0,0.0,0.0,0.0,0.0,0.0
2,34,0.0,0.0,0.0,0.0,0.0,4.233561736507935e-07
2,35,0.0,0.0,0.0,0.0,0.0,0.0
2,36,0.0,0.0,0.0,0.0,0.0,0.0
2,37,0.0,0.0,0.0,0.0,0.0,0.0
2,38,0.0,0.0,0.0,0.0,0.0,0.0
2,39,0.0,0.0,0.0,0.0,0.0,0.0
2,40,0.0,0.0,0.0,0.0,0.0,0.0
2,41,0.0,0.0,0.0,0.0,0.0,0.0
2,42,0.0,0.0,0.0,0.0,0.0,0.0
2,43,0.0,0.0,0.0,0.0,0.0,0.0
2,44,0.0,0.0,0.0,0.0,0.0,0.0
2,45,0.0,0.0,0.0,0.0,0.0,0.0
2,46,0.0,0.0,0.0,0.0,0.0,0.0
2,47,0.0,0.0,0.0,0.0,0.0,0.0
2,48,0.0,0.0,0.0,0.0,0.0,0.0
2,49,0.0,0.0,0.0,0.0,0.0,0.0
3,0,0.0,0.0,0.0,0.0,0.0,0.0
3,1,0.0,0.0,0.0,0.0,0.0,0.0
3,2,0.0,0.0,0.0,0.0,0.0,0.0
3,3,0.0,0.0,0.0,0.0,0.0,0.0
3,4,0.0,0.0,0.0,0.0,0.0,0.0
3,5,0.0,0.0,0.0,0.0,0.0,0.0
3,6,0.0,0.0,0.0,0.0,0.0,0.0
3,7,0.0,0.0,0.0,0.0,0.0,0.0
3,8,0.0,0.0,0.0,0.0,0.0,0.0
3,9,0.0,0.0,0.0,0.0,0.0,0.0
3,10,0.0,0.0,0.0,0.0,0.0,0.0
3,11,0.0,0.0,0.0,0.0,0.0,0.0
3,12,0.0,0.0,0.0,0.0,0.0,0.0
3,13,0.0,0.0,0.0,0.0,0.0,0.0
3,14,0.0,0.0,0.0,0.0,0.0,0.0
3,15,0.0,0.0,0.0,0.0,0.0,0.0
3,16,0.0,0.0,0.0,0.0,0.0,0.0
3,17,0.0,0.0,0.0,0.0,0.0,1.8259550581382603e-07
3,18,0.0,0.0,0.0,0.0,0.0,0.0
3,19,0.0,0.0,0.0,0.0,0.0,0.0
3,20,0.0,0.0,0.0,0.0,0.0,0.0
3,21,0.0,0.0,0.0,0.0,0.0,0.0
3,22,0.0,0.0,0.0,0.0,0.0,0.0
3,23,0.0,0.0,0.0,0.0,0.0,0.0
3,24,0.0,0.0,0.0,0.0,0.0,0.0
3,25,0.0,0.0,0.0,0.0,0.0,0.0
3,26,0.0,0.0,0.0,0.0,0.0,0.0
3,27,0.0,0.0,0.0,0.0,0.0,0.0
3,28,0.0,0.0,0.0,0.0,0.0,0.0
3,29,0.0,0.0,0.0,0.0,0.0,0.0
3,30,0.0,0.0,0.0,0.0,0.0,0.0
3,31,0.0,0.0,0.0,0.0,0.0,0.0
3,32,0.0,0.0,0.0,0.0,0.0,0.0
3,33,0.0,0.0,0.0,0.0,0.0,0.0
3,34,0.0,0.0,0.0,0.0,0.0,0.0
3,35,0.0,0.0,0.0,0.0,0.0,0.0
3,36,0.0,0.0,0.0,0.0,0.0,0.0
3,37,0.0,0.0,0.0,0.0,0.0,0.0
3,38,0.0,0.0,0.0,0.0,0.0,0.0
3,39,0.0,0.0,0.0,0.0,0.0,0.0
3,40,0.0,0.0,0.0,0.0,0.0,0.0
3,41,0.0,0.0,0.0,0.0,0.0,0.0
3,42,0.0,0.0,0.0,0.0,0.0,0.0
3,43,0.0,0.0,0.0,0.0,0.0,0.0
3,44,0.0,0.0,0.0,0.0,0.0,0.0
3,45,0.0,0.0,0.0,0.0,0.0,0.0
3,46,0.0,0.0,0.0,0.0,0.0,0.0
3,47,0.0,0.0,0.0,0.0,0.0,0.0
3,48,0.0,0.0,0.0,0.0,0.0,0.0
3,49,0.0,0.0,0.0,0.0,0.0,0.0
4,0,0.0,0.0,0.0,0.0,0.0,0.0
4,1,0.0,0.0,0.0,0.0,0.0,0.0
4,2,0.0,0.0,0.0,0.0,0.0,0.0
4,3,0.0,0.0,0.0,0.0,0.0,0.0
4,4,0.0,0.0,0.0,0.0,0.0,0.0
4,5,0.0,0.0,0.0,0.0,0.0,0.0
4,6,0.0,0.0,0.0,0.0,0.0,0.0
4,7,0.0,0.0,0.0,0.0,0.0,0.0
4,8,0.0,0.0,0.0,0.0,0.0,0.0
4,9,0.0,0.0,0.0,0.0,0.0,0.0
4,10,0.0,0.0,0.0,0.0,0.0,0.0
4,11,0.0,0.0,0.0,0.0,0.0,0.0
4,12,0.0,0.0,0.0,0.0,0.0,0.0
4,13,0.0,0.0,0.0,0.0,0.0,0.0
4,14,0.0,0.0,0.0,0.0,0.0,0.0
4,15,0.0,0.0,0.0,0.0,0.0,0.0
4,16,0.0,0.0,0.0,0.0,0.0,0.0
4,17,0.0,0.0,0.0,0.0,0.0,0.0
4,18,0.0,0.0,0.0,0.0,0.0,0.0
4,19,0.0,0.0,0.0,0.0,0.0,0.0
4,20,0.0,0.0,0.0,0.0,0.0,0.0
4,21,0.0,0.0,0.0,0.0,0.0,0.0
4,22,0.0,0.0,0.0,0.0,0.0,0.0
4,23,0.0,0.0,0.0,0.0,0.0,0.0
4,24,0.0,0.0,0.0,0.0,0.0,0.0
4,25,0.0,0.0,0.0,0.0,0.0,0.0
4,26,0.0,0.0,0.0,0.0,0.0,0.0
4,27,0.0,0.0,0.0,0.0,0.0,0.0
4,28,0.0,0.0,0.0,0.0,0.0,0.0
4,29,0.0,0.0,0.0,0.0,0.0,0.0
4,30,0.0,0.0,0.0,0.0,0.0,0.0
4,31,0.0,0.0,0.0,0.0,0.0,0.0
4,32,0.0,0.0,0.0,0.0,0.0,0.0
4,33,0.0,0.0,0.0,0.0,0.0,0.0
4,34,0.0,0.0,0.0,0.0,0.0,0.0
4,35,0.0,0.0,0.0,0.0,0.0,0.0
4,36,0.0,0.0,0.0,0.0,0.0,0.0
4,37,0.0,0.0,0.0,0.0,0.0,0.0
4,38,0.0,0.0,0.0,0.0,0.0,0.0
4,39,0.0,0.0,0.0,0.0,0.0,0.0
4,40,0.0,0.0,0.0,0.0,0.0,0.0
4,41,0.0,0.0,0.0,0.0,0.0,0.0
4,42,0.0,0.0,0.0,0.0,0.0,0.0
4,43,0.0,0.0,0.0,0.0,0.0,0.0
4,44,0.0,0.0,0.0,0.0,0.0,0.0
4,45,0.0,0.0,0.0,0.0,0.0,0.0
4,46,0.0,0.0,0.0,0.0,0.0,0.0
4,47,0.0,0.0,0.0,0.0,0.0,0.0
4,48,0.0,0.0,0.0,0.0,0.0,0.0
4,49,0.0,0.0,0.0,0.0,0.0,0.0
5,0,0.0,0.0,0.0,0.0,0.0,0.0
5,1,0.0,0.0,0.0,0.0,0.0,0.0
5,2,0.0,0.0,0.0,0.0,0.0,0.0
5,3,0.0,0.0,0.0,0.0,0.0,0.0
5,4,0.0,0.0,0.0,0.0,0.0,0.0
5,5,0.0,0.0,0.0,0.0,0.0,0.0
5,6,0.0,0.0,0.0,0.0,0.0,0.0
5,7,0.0,0.0,0.0,0.0,0.0,0.0
5,8,0.0,0.0,0.0,0.0,0.0,0.0
5,9,0.0,0.0,0.0,0.0,0.0,0.0
5,10,0.0,0.0,0.0,0.0,0.0,0.0
5,11,0.0,0.0,0.0,0.0,0.0,0.0
5,12,0.0,0.0,0.0,0.0,0.0,0.0
5,13,0.0,0.0,0.0,0.0,0.0,0.0
5,14,0.0,0.0,0.0,0.0,0.0,0.0
5,15,0.0,0.0,0.0,0.0,0.0,0.0
5,16,0.0,0.0,0.0,0.0,0.0,0.0
5,17,0.0,0.0,0.0,0.0,0.0,0.0
5,18,0.0,0.0,0.0,0.0,0.0,0.0
5,19,0.0,0.0,0.0,0.0,0.0,0.0
5,20,0.0,0.0,0.0,0.0,0.0,0.0
5,21,0.0,0.0,0.0,0.0,0.0,0.0
5,22,0.0,0.0,0.0,0.0,0.0,0.0
5,23,0.0,0.0,0.0,0.0,0.0,0.0
5,24,0.0,0.0,0.0,0.0,0.0,0.0
5,25,0.0,0.0,0.0,0.0,0.0,0.0
5,26,0.0,0.0,0.0,0.0,0.0,0.0
5,27,0.0,0.0,0.0,0.0,0.0,0.0
5,28,0.0,0.0,0.0,0.0,0.0,0.0
5,29,0.0,0.0,0.0,0.0,0.0,0.0
5,30,0.0,0.0,0.0,0.0,0.0,0.0
5,31,0.0,0.0,0.0,0.0,0.0,0.0
5,32,0.0,0.0,0.0,0.0,0.0,0.0
5,33,0.0,0.0,0.0,0.0,0.0,0.0
5,34,0.0,0.0,0.0,0.0,0.0,0.0
5,35,0.0,0.0,0.0,0.0,0.0,0.0
5,36,0.0,0.0,0.0,0.0,0.0,0.0
5,37,0.0,0.0,0.0,0.0,0.0,0.0
5,38,0.0,0.0,0.0,0.0,0.0,0.0
5,39,0.0,0.0,0.0,0.0,0.0,0.0
5,40,0.0,0.0,0.0,0.0,0.0,0.0
5,41,0.0,0.0,0.0,0.0,0.0,0.0
5,42,0.0,0.0,0.0,0.0,0.0,0.0
5,43,0.0,0.0,0.0,0.0,0.0,0.0
5,44,0.0,0.0,0.0,0.0,0.0,0.0
5,45,0.0,0.0,0.0,0.0,0.0,0.0
5,46,0.0,0.0,0.0,0.0,0.0,0.0
5,47,0.0,0.0,0.0,0.0,0.0,0.0
5,48,0.0,0.0,0.0,0.0,0.0,0.0
5,49,0.0,0.0,0.0,0.0,0.0,0.0
6,0,0.0,0.0,0.0,0.0,0.0,0.0
6,1,0.0,0.0,0.0,0.0,0.0,0.0
6,2,0.0,0.0,0.0,0.0,0.0,0.0
6,3,0.0,0.0,0.0,0.0,0.0,0.0
6,4,0.0,0.0,0.0,0.0,0.0,0.0
6,5,0.0,0.0,0.0,0.0,0.0,0.0
6,6,0.0,0.0,0.0,0.0,0.0,0.0
6,7,0.0,0.0,0.0,0.0,0.0,0.0
6,8,0.0,0.0,0.0,0.0,0.0,0.0
6,9,0.0,0.0,0.0,0.0,0.0,0.0
6,10,0.0,0.0,0.0,0.0,0.0,0.0
6,11,0.0,0.0,0.0,0.0,0.0,0.0
6,12,0.0,0.0,0.0,0.0,0.0,0.0
6,13,0.0,0.0,0.0,0.0,0.0,0.0
6,14,0.0,0.0,0.0,0.0,0.0,0.0
6,15,0.0,0.0,0.0,0.0,0.0,0.0
6,16,0.0,0.0,0.0,0.0,0.0,0.0
6,17,0.0,0.0,0.0,0.0,0.0,0.0
6,18,0.0,0.0,0.0,0.0,0.0,0.0
6,19,0.0,0.0,0.0,0.0,0.0,0.0
6,20,0.0,0.0,0.0,0.0,0.0,0.0
6,21,0.0,0.0,0.0,0.0,0.0,0.0
6,22,0.0,0.0,0.0,0.0,0.0,0.0
6,23,0.0,0.0,0.0,0.0,0.0,0.0
6,24,0.0,0.0,0.0,0.0,0.0,0.0
6,25,0.0,0.0,0.0,0.0,0.0,0.0
6,26,0.0,0.0,0.0,0.0,0.0,0.0
6,27,0.0,0.0,0.0,0.0,0.0,0.0
6,28,0.0,0.0,0.0,0.0,0.0,0.0
6,29,0.0,0.0,0.0,0.0,0.0,0.0
6,30,0.0,0.0,0.0,0.0,0.0,0.0
6,31,0.0,0.0,0.0,0.0,0.0,0.0
6,32,0.0,0.0,0.0,0.0,0.0,0.0
6,33,0.0,0.0,0.0,0.0,0.0,0.0
6,34,6.264860301587302e-07,0.0,0.0,0.0,0.0,6.585299496825405e-07
6,35,0.0,0.0,0.0,0.0,0.0,0.0
6,36,0.0,0.0,0.0,0.0,0.0,0.0
6,37,0.0,0.0,0.0,0.0,0.0,0.0
6,38,0.0,0.0,0.0,0.0,0.0,0.0
6,39,0.0,0.0,0.0,0.0,0.0,0.0
6,40,0.0,0.0,0.0,0.0,0.0,0.0
6,41,0.0,0.0,0.0,0.0,0.0,0.0
6,42,0.0,0.0,0.0,0.0,0.0,0.0
6,43,0.0,0.0,0.0,0.0,0.0,0.0
6,44,0.0,0.0,0.0,0.0,0.0,0.0
6,45,0.0,0.0,0.0,0.0,0.0,0.0
6,46,0.0,0.0,0.0,0.0,0.0,0.0
6,47,0.0,0.0,0.0,0.0,0.0,0.0
6,48,0.0,0.0,0.0,0.0,0.0,0.0
6,49,0.0,0.0,0.0,0.0,0.0,0.0
7,0,0.0,0.0,0.0,0.0,0.0,0.0
7,1,0.0,0.0,0.0,0.0,0.0,0.0
7,2,0.0,0.0,0.0,0.0,0.0,0.0
7,3,0.0,0.0,0.0,0.0,0.0,0.0
7,4,0.0,0.0,0.0,0.0,0.0,0.0
7,5,0.0,0.0,0.0,0.0,0.0,0.0
7,6,0.0,0.0,0.0,0.0,0.0,0.0
7,7,0.0,0.0,0.0,0.0,0.0,0.0
7,8,8.75309754761905e-06,0.0,0.0,0.0,0.0,0.0
7,9,9.764614753968248e-06,0.0,0.0,0.0,0.0,0.0
7,10,4.607583601587298e-06,0.0,0.0,0.0,0.0,0.0
7,11,9.15397626666666e-06,0.0,0.0,0.0,0.0,0.0
7,12,9.693714544444437e-06,0.0,0.0,0.0,0.0,0.0
7,13,9.518553255555548e-06,0.0,0.0,0.0,0.0,0.0
7,14,8.283141993650797e-06,0.0,0.0,0.0,0.0,0.0
7,15,0.0,0.0,0.0,0.0,0.0,0.0
7,16,0.0,0.0,0.0,0.0,0.0,0.0
7,17,0.0,0.0,0.0,0.0,0.0,0.0
7,18,8.382286444444443e-06,0.0,0.0,0.0,0.0,0.0
7,19,9.7882351936508e-06,0.0,0.0,0.0,0.0,0.0
7,20,9.798993585714279e-06,0.0,0.0,0.0,0.0,0.0
7,21,0.0,0.0,0.0,0.0,0.0,0.0
7,22,8.921154836507944e-06,0.0,0.0,0.0,0.0,0.0
7,23,0.0,0.0,0.0,0.0,0.0,0.0
7,24,7.395604180952385e-06,0.0,0.0,0.0,0.0,0.0
7,25,0.0,0.0,0.0,0.0,0.0,0.0
7,26,0.0,0.0,0.0,0.0,0.0,0.0
7,27,6.964385982539679e-06,0.0,0.0,0.0,0.0,0.0
7,28,0.0,0.0,0.0,0.0,0.0,0.0
7,29,0.0,0.0,0.0,0.0,0.0,0.0
7,30,0.0,0.0,0.0,0.0,0.0,0.0
7,31,0.0,0.0,0.0,0.0,0.0,0.0
7,32,8.605780811111107e-06,0.0,0.0,0.0,0.0,0.0
7,33,0.0,0.0,0.0,0.0,0.0,0.0
7,34,8.871312368253976e-06,0.0,0.0,0.0,0.0,0.0
7,35,0.0,0.0,0.0,0.0,0.0,0.0
7,36,9.115656295238095e-06,0.0,0.0,0.0,0.0,0.0
7,37,3.9066707539682555e-06,0.0,0.0,0.0,0.0,0.0
7,38,8.055837968253976e-07,0.0,0.0,0.0,0.0,0.0
7,39,0.0,0.0,0.0,0.0,0.0,0.0
7,40,0.0,0.0,0.0,0.0,0.0,0.0
7,41,9.486964434920628e-06,0.0,0.0,0.0,0.0,0.0
7,42,8.477388341269835e-06,0.0,0.0,0.0,0.0,0.0
7,43,0.0,0.0,0.0,0.0,0.0,0.0
7,44,0.0,0.0,0.0,0.0,0.0,0.0
7,45,0.0,0.0,0.0,0.0,0.0,0.0
7,46,0.0,0.0,0.0,0.0,0.0,4.1287661492063495e-07
7,47,0.0,0.0,0.0,0.0,0.0,0.0
7,48,0.0,0.0,0.0,0.0,0.0,0.0
7,49,0.0,0.0,0.0,0.0,0.0,0.0
8,0,0.0,0.0,0.0,0.0,0.0,0.0
8,1,0.0,0.0,0.0,0.0,0.0,0.0
8,2,0.0,0.0,0.0,0.0,0.0,0.0
8,3,0.0,0.0,0.0,0.0,0.0,0.0
8,4,0.0,0.0,0.0,0.0,0.0,0.0
8,5,0.0,0.0,0.0,0.0,0.0,0.0
8,6,0.0,0.0,0.0,0.0,0.0,0.0
8,7,0.0,0.0,0.0,0.0,0.0,0.0
8,8,0.0,0.0,0.0,0.0,0.0,0.0
8,9,3.774654201587303e-06,0.0,0.0,0.0,0.0,0.0
8,10,9.25663641587301e-06,0.0,0.0,0.0,0.0,0.0
8,11,1.3247981015873009e-06,0.0,0.0,0.0,0.0,0.0
8,12,0.0,0.0,0.0,0.0,0.0,0.0
8,13,0.0,0.0,0.0,0.0,0.0,0.0
8,14,0.0,0.0,0.0,0.0,0.0,0.0
8,15,0.0,0.0,0.0,0.0,0.0,0.0
8,16,0.0,0.0,0.0,0.0,0.0,0.0
8,17,0.0,0.0,0.0,0.0,0.0,0.0
8,18,0.0,0.0,0.0,0.0,0.0,0.0
8,19,0.0,0.0,0.0,0.0,0.0,0.0
8,20,9.69769297619048e-06,0.0,0.0,0.0,0.0,0.0
8,21,2.5522990301587282e-06,0.0,0.0,0.0,0.0,0.0
8,22,9.68296384603174e-06,0.0,0.0,0.0,0.0,0.0
8,23,0.0,0.0,0.0,0.0,0.0,0.0
8,24,0.0,0.0,0.0,0.0,0.0,0.0
8,25,0.0,0.0,0.0,0.0,0.0,0.0
8,26,0.0,0.0,0.0,0.0,0.0,0.0
8,27,0.0,0.0,0.0,0.0,0.0,0.0
8,28,0.0,0.0,0.0,0.0,0.0,0.0
8,29,0.0,0.0,0.0,0.0,0.0,0.0
8,30,9.087960006349214e-06,0.0,0.0,0.0,0.0,0.0
8,31,0.0,0.0,0.0,0.0,0.0,0.0
8,32,9.593576009523817e-06,0.0,0.0,0.0,0.0,0.0
8,33,4.984618947619047e-07,7.691524984126978e-07,0.0,0.0,1.0404197015873003e-06,0.0
8,34,5.91097865238095e-06,0.0,0.0,0.0,0.0,0.0
8,35,1.0382423519047626e-05,0.0,0.0,0.0,0.0,0.0
8,36,5.247773738730159e-06,0.0,0.0,0.0,0.0,0.0
8,37,3.6934492777777766e-06,0.0,0.0,0.0,0.0,0.0
8,38,0.0,0.0,0.0,0.0,0.0,0.0
8,39,0.0,0.0,0.0,0.0,0.0,0.0
8,40,0.0,0.0,0.0,0.0,0.0,0.0
8,41,9.687950288888895e-06,0.0,0.0,0.0,0.0,0.0
8,42,0.0,0.0,0.0,0.0,0.0,0.0
8,43,0.0,0.0,0.0,0.0,0.0,0.0
8,44,0.0,0.0,0.0,0.0,0.0,0.0
8,45,0.0,0.0,0.0,0.0,0.0,0.0
8,46,0.0,0.0,0.0,0.0,0.0,0.0
8,47,0.0,0.0,0.0,0.0,0.0,1.6320985718824913e-07
8,48,0.0,0.0,0.0,0.0,0.0,0.0
8,49,0.0,0.0,0.0,0.0,0.0,0.0
9,0,0.0,0.0,0.0,0.0,0.0,0.0
9,1,0.0,0.0,0.0,0.0,0.0,0.0
9,2,0.0,0.0,0.0,0.0,0.0,0.0
9,3,0.0,0.0,0.0,0.0,0.0,0.0
9,4,0.0,0.0,0.0,0.0,0.0,1.5435667250793602e-07
9,5,0.0,0.0,0.0,0.0,0.0,0.0
9,6,0.0,0.0,0.0,0.0,0.0,0.0
9,7,8.244457223809531e-06,0.0,0.0,0.0,0.0,0.0
9,8,8.884531580952388e-06,0.0,0.0,0.0,0.0,0.0
9,9,0.0,0.0,0.0,0.0,0.0,0.0
9,10,0.0,0.0,0.0,0.0,0.0,0.0
9,11,8.070103330158737e-06,0.0,0.0,0.0,0.0,0.0
9,12,0.0,0.0,0.0,0.0,0.0,0.0
9,13,0.0,0.0,0.0,0.0,0.0,0.0
9,14,0.0,0.0,0.0,0.0,0.0,0.0
9,15,0.0,0.0,0.0,0.0,0.0,0.0
9,16,0.0,0.0,0.0,0.0,0.0,0.0
9,17,0.0,0.0,0.0,0.0,0.0,0.0
9,18,0.0,0.0,0.0,0.0,0.0,0.0
9,19,0.0,0.0,0.0,0.0,0.0,0.0
9,20,0.0,0.0,0.0,0.0,0.0,0.0
9,21,0.0,0.0,0.0,0.0,0.0,0.0
9,22,8.211450793650788e-07,0.0,0.0,0.0,7.05023613650794e-07,0.0
9,23,8.7636900936508e-06,0.0,0.0,0.0,0.0,0.0
9,24,8.691458079365086e-06,0.0,0.0,0.0,0.0,0.0
9,25,0.0,0.0,0.0,0.0,0.0,0.0
9,26,0.0,0.0,0.0,0.0,0.0,0.0
9,27,0.0,0.0,0.0,0.0,0.0,0.0
9,28,9.330859863492056e-06,0.0,0.0,0.0,0.0,0.0
9,29,0.0,0.0,0.0,0.0,0.0,0.0
9,30,1.1362226923809532e-05,0.0,0.0,0.0,0.0,0.0
9,31,1.00412256920635e-05,0.0,0.0,0.0,0.0,0.0
9,32,0.0,0.0,0.0,0.0,0.0,0.0
9,33,8.718449769841275e-06,0.0,0.0,0.0,0.0,0.0
9,34,2.411729952857145e-06,1.0618821450793643e-06,0.0,0.0,1.6358319358730178e-06,0.0
9,35,9.671633715873024e-06,0.0,0.0,0.0,0.0,0.0
9,36,4.065891776190478e-06,0.0,0.0,0.0,0.0,0.0
9,37,1.0727166100000007e-05,0.0,0.0,0.0,0.0,0.0
9,38,0.0,0.0,0.0,0.0,0.0,0.0
9,39,0.0,0.0,0.0,0.0,0.0,0.0
9,40,0.0,0.0,0.0,0.0,0.0,0.0
9,41,8.549005760317454e-06,0.0,0.0,0.0,0.0,0.0
9,42,0.0,0.0,0.0,0.0,0.0,0.0
9,43,0.0,0.0,0.0,0.0,0.0,0.0
9,44,0.0,0.0,0.0,0.0,0.0,0.0
9,45,0.0,0.0,0.0,0.0,0.0,0.0
9,46,0.0,0.0,0.0,0.0,0.0,0.0
9,47,0.0,0.0,0.0,0.0,0.0,0.0
9,48,0.0,0.0,0.0,0.0,0.0,0.0
9,49,0.0,0.0,0.0,0.0,0.0,0.0
10,0,0.0,0.0,0.0,0.0,0.0,0.0
10,1,0.0,0.0,0.0,0.0,0.0,0.0
10,2,0.0,0.0,0.0,0.0,0.0,0.0
10,3,0.0,0.0,0.0,0.0,0.0,0.0
10,4,0.0,0.0,0.0,0.0,0.0,0.0
10,5,0.0,0.0,0.0,0.0,0.0,0.0
10,6,0.0,0.0,0.0,0.0,0.0,0.0
10,7,0.0,0.0,0.0,0.0,0.0,0.0
10,8,0.0,0.0,0.0,0.0,0.0,0.0
10,9,0.0,0.0,0.0,0.0,0.0,0.0
10,10,0.0,0.0,0.0,0.0,0.0,0.0
10,11,0.0,6.370647487361487e-07,0.0,0.0,0.0,0.0
10,12,3.133140725396827e-06,0.0,0.0,0.0,0.0,0.0
10,13,0.0,0.0,0.0,0.0,0.0,0.0
10,14,0.0,0.0,0.0,0.0,0.0,0.0
10,15,1.0043723882539674e-05,0.0,0.0,0.0,0.0,0.0
10,16,3.976928950793648e-06,0.0,0.0,0.0,0.0,0.0
10,17,1.0435225449206356e-05,0.0,0.0,0.0,0.0,0.0
10,18,1.1092739707936515e-05,0.0,0.0,0.0,0.0,0.0
10,19,8.887873836507946e-06,0.0,0.0,0.0,0.0,0.0
10,20,0.0,1.2684954238095225e-07,0.0,0.0,0.0,0.0
10,21,0.0,0.0,0.0,0.0,0.0,0.0
10,22,0.0,0.0,0.0,0.0,0.0,0.0
10,23,0.0,0.0,0.0,0.0,0.0,0.0
10,24,0.0,0.0,0.0,0.0,0.0,0.0
10,25,0.0,0.0,0.0,0.0,0.0,0.0
10,26,0.0,0.0,0.0,0.0,0.0,0.0
10,27,1.0762013688888894e-05,0.0,0.0,0.0,0.0,0.0
10,28,1.2026210561904756e-05,0.0,0.0,0.0,0.0,0.0
10,29,5.934927834444448e-06,0.0,0.0,0.0,0.0,0.0
10,30,1.1195794495238088e-05,0.0,0.0,0.0,0.0,0.0
10,31,0.0,0.0,0.0,0.0,0.0,0.0
10,32,8.53850085396825e-06,0.0,0.0,0.0,0.0,0.0
10,33,0.0,0.0,0.0,0.0,0.0,0.0
10,34,0.0,0.0,0.0,0.0,0.0,0.0
10,35,0.0,0.0,0.0,0.0,0.0,0.0
10,36,1.0063981917460318e-05,0.0,0.0,0.0,0.0,0.0
10,37,1.26540520936508e-05,0.0,0.0,0.0,0.0,0.0
10,38,1.078227167460317e-05,0.0,0.0,0.0,0.0,0.0
10,39,0.0,0.0,0.0,0.0,0.0,0.0
10,40,0.0,0.0,0.0,0.0,0.0,0.0
10,41,0.0,0.0,0.0,0.0,0.0,0.0
10,42,0.0,0.0,0.0,0.0,0.0,0.0
10,43,0.0,0.0,0.0,0.0,0.0,0.0
10,44,0.0,0.0,0.0,0.0,0.0,0.0
10,45,0.0,0.0,0.0,0.0,0.0,0.0
10,46,0.0,0.0,0.0,0.0,0.0,0.0
10,47,0.0,0.0,0.0,0.0,0.0,0.0
10,48,0.0,0.0,0.0,0.0,0.0,0.0
10,49,0.0,0.0,0.0,0.0,0.0,0.0
11,0,0.0,0.0,0.0,0.0,0.0,0.0
11,1,0.0,0.0,0.0,0.0,0.0,0.0
11,2,0.0,0.0,0.0,0.0,0.0,0.0
11,3,0.0,0.0,0.0,0.0,0.0,0.0
11,4,0.0,0.0,0.0,0.0,0.0,0.0
11,5,0.0,0.0,0.0,0.0,0.0,0.0
11,6,0.0,0.0,0.0,0.0,0.0,0.0
11,7,0.0,0.0,0.0,0.0,0.0,0.0
11,8,0.0,0.0,0.0,0.0,0.0,0.0
11,9,9.31859622380953e-06,0.0,0.0,0.0,0.0,0.0
11,10,1.0011043244444451e-05,0.0,0.0,0.0,0.0,0.0
11,11,0.0,0.0,0.0,0.0,0.0,0.0
11,12,0.0,0.0,0.0,0.0,0.0,0.0
11,13,8.269821990476194e-06,0.0,0.0,0.0,0.0,0.0
11,14,1.4332663999999994e-06,0.0,0.0,0.0,9.48356886825648e-07,0.0
11,15,1.0916637166666673e-05,0.0,0.0,0.0,0.0,0.0
11,16,4.087296525396822e-06,0.0,0.0,0.0,0.0,0.0
11,17,0.0,0.0,0.0,0.0,0.0,0.0
11,18,1.0453566046031753e-05,0.0,0.0,0.0,0.0,0.0
11,19,7.988996714285708e-07,0.0,0.0,0.0,0.0,0.0
11,20,0.0,0.0,0.0,0.0,0.0,0.0
11,21,0.0,0.0,0.0,0.0,0.0,0.0
11,22,0.0,0.0,0.0,0.0,0.0,0.0
11,23,1.7311355507936498e-06,0.0,0.0,0.0,0.0,0.0
11,24,9.108019492063486e-06,0.0,0.0,0.0,0.0,0.0
11,25,1.0047694663492057e-05,0.0,0.0,0.0,0.0,0.0
11,26,4.906490099999997e-07,8.883515492063489e-07,0.0,0.0,1.190111296825396e-06,0.0
11,27,1.1201267460317455e-05,0.0,0.0,0.0,0.0,0.0
11,28,1.3125183188888897e-05,0.0,0.0,0.0,0.0,0.0
11,29,1.1499166252380945e-05,0.0,0.0,0.0,0.0,0.0
11,30,1.1877446530158723e-05,0.0,0.0,0.0,0.0,0.0
11,31,0.0,0.0,0.0,0.0,0.0,0.0
11,32,0.0,0.0,0.0,0.0,0.0,0.0
11,33,0.0,0.0,0.0,0.0,0.0,0.0
11,34,8.26400150317461e-06,0.0,0.0,0.0,0.0,0.0
11,35,0.0,0.0,0.0,0.0,0.0,0.0
11,36,0.0,0.0,0.0,0.0,0.0,0.0
11,37,1.1028050725396819e-05,0.0,0.0,0.0,0.0,0.0
11,38,1.1226392677777785e-05,0.0,0.0,0.0,0.0,0.0
11,39,9.010116263492056e-06,0.0,0.0,0.0,0.0,0.0
11,40,0.0,0.0,0.0,0.0,0.0,0.0
11,41,7.3637887079365e-06,0.0,0.0,0.0,0.0,0.0
11,42,0.0,0.0,0.0,0.0,0.0,0.0
11,43,0.0,0.0,0.0,0.0,0.0,0.0
11,44,0.0,0.0,0.0,0.0,0.0,0.0
11,45,0.0,0.0,0.0,0.0,0.0,0.0
11,46,0.0,0.0,0.0,0.0,0.0,0.0
11,47,0.0,0.0,0.0,0.0,0.0,1.7231693920634978e-07
11,48,0.0,0.0,0.0,0.0,0.0,0.0
11,49,0.0,0.0,0.0,0.0,0.0,0.0
12,0,0.0,0.0,0.0,0.0,0.0,0.0
12,1,0.0,0.0,0.0,0.0,0.0,0.0
12,2,0.0,0.0,0.0,0.0,0.0,0.0
12,3,0.0,0.0,0.0,0.0,0.0,0.0
12,4,0.0,0.0,0.0,0.0,0.0,0.0
12,5,0.0,0.0,0.0,0.0,0.0,0.0
12,6,0.0,0.0,0.0,0.0,0.0,0.0
12,7,0.0,0.0,0.0,0.0,0.0,0.0
12,8,8.282853292063499e-06,0.0,0.0,0.0,0.0,0.0
12,9,0.0,0.0,0.0,0.0,0.0,0.0
12,10,1.1024548374603183e-05,0.0,0.0,0.0,0.0,0.0
12,11,0.0,0.0,0.0,0.0,0.0,0.0
12,12,0.0,0.0,0.0,0.0,0.0,0.0
12,13,1.492766307936507e-06,0.0,0.0,0.0,0.0,0.0
12,14,9.059290442857137e-06,0.0,0.0,0.0,0.0,0.0
12,15,0.0,0.0,0.0,0.0,0.0,0.0
12,16,1.0570747012698419e-05,0.0,0.0,0.0,0.0,0.0
12,17,0.0,0.0,0.0,0.0,0.0,0.0
12,18,8.955173273015881e-06,0.0,0.0,0.0,0.0,0.0
12,19,3.724744785714277e-07,0.0,0.0,0.0,0.0,0.0
12,20,0.0,0.0,0.0,0.0,0.0,0.0
12,21,0.0,0.0,0.0,0.0,8.505188785867148e-07,0.0
12,22,7.14528341587302e-06,0.0,0.0,0.0,0.0,0.0
12,23,0.0,0.0,0.0,0.0,0.0,0.0
12,24,0.0,0.0,0.0,0.0,0.0,0.0
12,25,9.681119423809532e-06,0.0,0.0,0.0,0.0,0.0
12,26,1.924988462857144e-06,0.0,0.0,0.0,0.0,0.0
12,27,2.294557111111109e-06,0.0,0.0,0.0,0.0,0.0
12,28,1.1313887368253975e-05,0.0,0.0,0.0,0.0,0.0
12,29,0.0,0.0,0.0,0.0,0.0,0.0
12,30,1.105878065238096e-05,0.0,0.0,0.0,0.0,0.0
12,31,1.0852905377777778e-05,0.0,0.0,0.0,0.0,0.0
12,32,0.0,0.0,0.0,0.0,0.0,0.0
12,33,9.868023606349198e-06,0.0,0.0,0.0,0.0,0.0
12,34,5.041491478095236e-06,0.0,0.0,0.0,0.0,0.0
12,35,1.0277319680952388e-05,0.0,0.0,0.0,0.0,0.0
12,36,9.476031671428564e-06,0.0,0.0,0.0,0.0,0.0
12,37,0.0,0.0,0.0,0.0,0.0,0.0
12,38,0.0,0.0,0.0,0.0,0.0,0.0
12,39,0.0,0.0,0.0,0.0,0.0,0.0
12,40,0.0,0.0,0.0,0.0,0.0,0.0
12,41,0.0,0.0,0.0,0.0,0.0,0.0
12,42,0.0,0.0,0.0,0.0,0.0,0.0
12,43,0.0,0.0,0.0,0.0,0.0,0.0
12,44,0.0,0.0,0.0,0.0,0.0,0.0
12,45,0.0,0.0,0.0,0.0,0.0,0.0
12,46,0.0,0.0,0.0,0.0,0.0,0.0
12,47,0.0,0.0,0.0,0.0,0.0,0.0
12,48,0.0,0.0,0.0,0.0,0.0,0.0
12,49,0.0,0.0,0.0,0.0,0.0,0.0
13,0,0.0,0.0,0.0,0.0,0.0,0.0
13,1,0.0,0.0,0.0,0.0,0.0,0.0
13,2,0.0,0.0,0.0,0.0,0.0,0.0
13,3,0.0,0.0,0.0,0.0,0.0,0.0
13,4,0.0,0.0,0.0,0.0,0.0,0.0
13,5,0.0,0.0,0.0,0.0,0.0,0.0
13,6,0.0,0.0,0.0,0.0,0.0,0.0
13,7,0.0,0.0,0.0,0.0,0.0,0.0
13,8,0.0,0.0,0.0,0.0,0.0,0.0
13,9,1.1436609595238095e-05,0.0,0.0,0.0,0.0,0.0
13,10,1.2942177879365074e-05,0.0,0.0,0.0,0.0,0.0
13,11,9.911049053968251e-06,0.0,0.0,0.0,0.0,0.0
13,12,0.0,0.0,0.0,0.0,0.0,0.0
13,13,6.2773377730158706e-06,0.0,0.0,0.0,0.0,0.0
13,14,0.0,0.0,0.0,0.0,0.0,0.0
13,15,0.0,0.0,0.0,0.0,0.0,0.0
13,16,1.006584377777777e-05,0.0,0.0,0.0,0.0,0.0
13,17,0.0,0.0,0.0,0.0,0.0,0.0
13,18,0.0,0.0,0.0,0.0,0.0,0.0
13,19,0.0,0.0,0.0,0.0,0.0,0.0
13,20,0.0,0.0,0.0,0.0,0.0,0.0
13,21,0.0,0.0,0.0,0.0,0.0,0.0
13,22,0.0,0.0,0.0,0.0,0.0,0.0
13,23,0.0,0.0,0.0,0.0,7.402956952380955e-07,0.0
13,24,9.25028096190477e-06,0.0,0.0,0.0,0.0,0.0
13,25,0.0,0.0,0.0,0.0,0.0,0.0
13,26,1.0691751947619054e-05,0.0,0.0,0.0,0.0,0.0
13,27,1.1807027679365074e-05,0.0,0.0,0.0,0.0,0.0
13,28,1.0575313131746028e-05,0.0,0.0,0.0,0.0,0.0
13,29,0.0,0.0,0.0,0.0,0.0,0.0
13,30,0.0,0.0,0.0,0.0,0.0,0.0
13,31,1.0975776965079359e-05,0.0,0.0,0.0,0.0,0.0
13,32,1.2022599285714292e-05,0.0,0.0,0.0,0.0,0.0
13,33,1.1845961304761912e-05,0.0,0.0,0.0,0.0,0.0
13,34,0.0,0.0,0.0,0.0,0.0,0.0
13,35,9.365498876190469e-06,0.0,0.0,0.0,0.0,0.0
13,36,0.0,0.0,0.0,0.0,0.0,0.0
13,37,0.0,0.0,0.0,0.0,0.0,0.0
13,38,0.0,0.0,0.0,0.0,0.0,0.0
13,39,0.0,0.0,0.0,0.0,0.0,0.0
13,40,0.0,0.0,0.0,0.0,0.0,0.0
13,41,0.0,0.0,0.0,0.0,0.0,0.0
13,42,6.996265458730155e-06,0.0,0.0,0.0,0.0,6.468792784476193e-07
13,43,0.0,0.0,0.0,0.0,0.0,0.0
13,44,0.0,0.0,0.0,0.0,0.0,0.0
13,45,0.0,0.0,0.0,0.0,0.0,0.0
13,46,0.0,0.0,0.0,0.0,0.0,0.0
13,47,0.0,0.0,0.0,0.0,0.0,0.0
13,48,0.0,0.0,0.0,0.0,0.0,0.0
13,49,0.0,0.0,0.0,0.0,0.0,0.0
14,0,0.0,0.0,0.0,0.0,0.0,0.0
14,1,0.0,0.0,0.0,0.0,0.0,0.0
14,2,0.0,0.0,0.0,0.0,0.0,0.0
14,3,0.0,0.0,0.0,0.0,0.0,0.0
14,4,0.0,0.0,0.0,0.0,0.0,0.0
14,5,0.0,0.0,0.0,0.0,0.0,0.0
14,6,0.0,0.0,0.0,0.0,0.0,0.0
14,7,0.0,0.0,0.0,0.0,0.0,0.0
14,8,9.77273073333334e-06,0.0,0.0,0.0,0.0,0.0
14,9,1.2034077939682532e-05,0.0,0.0,0.0,0.0,0.0
14,10,1.2398175430158738e-05,0.0,0.0,0.0,0.0,0.0
14,11,5.736961461269845e-06,0.0,0.0,0.0,0.0,0.0
14,12,0.0,0.0,0.0,0.0,0.0,0.0
14,13,8.486981231746036e-06,0.0,0.0,0.0,0.0,0.0
14,14,1.068929759365079e-05,0.0,0.0,0.0,0.0,0.0
14,15,0.0,0.0,0.0,0.0,0.0,0.0
14,16,9.257337839682544e-06,0.0,0.0,0.0,0.0,0.0
14,17,0.0,0.0,0.0,0.0,0.0,0.0
14,18,1.1074644063492057e-06,0.0,0.0,0.0,0.0,0.0
14,19,0.0,0.0,0.0,0.0,0.0,0.0
14,20,0.0,0.0,0.0,0.0,0.0,0.0
14,21,4.3329883523809505e-06,0.0,0.0,0.0,0.0,0.0
14,22,0.0,0.0,0.0,0.0,0.0,0.0
14,23,0.0,0.0,0.0,0.0,4.6756384761904807e-07,0.0
14,24,9.266161644444436e-06,0.0,0.0,0.0,0.0,0.0
14,25,0.0,0.0,0.0,0.0,0.0,0.0
14,26,8.612142863492068e-06,0.0,0.0,0.0,0.0,0.0
14,27,1.0363085730158724e-05,0.0,0.0,0.0,0.0,0.0
14,28,0.0,0.0,0.0,0.0,0.0,0.0
14,29,0.0,0.0,0.0,0.0,0.0,0.0
14,30,8.092585701587309e-06,0.0,0.0,0.0,0.0,0.0
14,31,3.6665017465079396e-06,0.0,0.0,0.0,2.038027814285713e-06,0.0
14,32,1.092190614761904e-05,0.0,0.0,0.0,0.0,0.0
14,33,1.1671729369841263e-05,0.0,0.0,0.0,0.0,0.0
14,34,0.0,0.0,0.0,0.0,0.0,0.0
14,35,0.0,0.0,0.0,0.0,0.0,0.0
14,36,0.0,0.0,0.0,0.0,0.0,0.0
14,37,9.720403880952377e-06,0.0,0.0,0.0,0.0,0.0
14,38,4.8698223492063525e-06,0.0,0.0,0.0,0.0,0.0
14,39,8.809461969841263e-06,0.0,0.0,0.0,0.0,0.0
14,40,2.3330808349206353e-06,0.0,0.0,0.0,0.0,0.0
14,41,0.0,0.0,0.0,0.0,0.0,0.0
14,42,0.0,0.0,0.0,0.0,0.0,0.0
14,43,0.0,0.0,0.0,0.0,0.0,0.0
14,44,0.0,0.0,0.0,0.0,0.0,0.0
14,45,0.0,0.0,0.0,0.0,0.0,0.0
14,46,0.0,0.0,0.0,0.0,0.0,0.0
14,47,0.0,0.0,0.0,0.0,0.0,0.0
14,48,0.0,0.0,0.0,0.0,0.0,0.0
14,49,0.0,0.0,0.0,0.0,0.0,0.0
15,0,0.0,0.0,0.0,0.0,0.0,0.0
15,1,0.0,0.0,0.0,0.0,0.0,0.0
15,2,0.0,0.0,0.0,0.0,0.0,0.0
15,3,0.0,0.0,0.0,0.0,0.0,0.0
15,4,0.0,0.0,0.0,0.0,0.0,0.0
15,5,0.0,0.0,0.0,0.0,0.0,0.0
15,6,0.0,0.0,0.0,0.0,0.0,0.0
15,7,9.038509831746038e-06,0.0,0.0,0.0,0.0,0.0
15,8,0.0,0.0,0.0,0.0,0.0,0.0
15,9,0.0,0.0,0.0,0.0,0.0,0.0
15,10,1.115002833809523e-05,0.0,0.0,0.0,0.0,0.0
15,11,1.0834993514285722e-05,0.0,0.0,0.0,0.0,0.0
15,12,1.0694469839682544e-05,0.0,0.0,0.0,0.0,0.0
15,13,1.19838334920635e-06,0.0,0.0,0.0,0.0,0.0
15,14,1.0331112760317452e-05,0.0,0.0,0.0,0.0,0.0
15,15,9.343565380952388e-06,0.0,0.0,0.0,0.0,0.0
15,16,0.0,0.0,0.0,0.0,0.0,0.0
15,17,2.1430976761904748e-07,0.0,0.0,0.0,0.0,0.0
15,18,8.583623520634927e-06,0.0,0.0,0.0,0.0,0.0
15,19,3.625388534920637e-06,0.0,0.0,0.0,0.0,0.0
15,20,8.809182677777773e-06,0.0,0.0,0.0,0.0,0.0
15,21,0.0,0.0,0.0,0.0,0.0,0.0
15,22,9.294512296825403e-06,0.0,0.0,0.0,0.0,0.0
15,23,0.0,0.0,0.0,0.0,0.0,0.0
15,24,0.0,0.0,0.0,0.0,0.0,0.0
15,25,9.603873628571421e-06,0.0,0.0,0.0,0.0,0.0
15,26,1.005438325555555e-05,0.0,0.0,0.0,0.0,0.0
15,27,0.0,0.0,0.0,0.0,0.0,0.0
15,28,0.0,0.0,0.0,0.0,0.0,0.0
15,29,0.0,0.0,0.0,0.0,0.0,0.0
15,30,1.5110484815873028e-06,0.0,0.0,0.0,0.0,0.0
15,31,9.80368785714286e-07,1.1793742052380946e-06,0.0,0.0,1.3715001873047627e-06,0.0
15,32,0.0,0.0,0.0,0.0,0.0,0.0
15,33,1.0523669025396822e-05,0.0,0.0,0.0,0.0,0.0
15,34,0.0,0.0,0.0,0.0,0.0,0.0
15,35,9.696658382539676e-06,0.0,0.0,0.0,0.0,0.0
15,36,1.186149048412698e-05,0.0,0.0,0.0,0.0,0.0
15,37,1.2992206430158737e-05,0.0,0.0,0.0,0.0,0.0
15,38,1.1247241846031743e-05,0.0,0.0,0.0,0.0,0.0
15,39,0.0,0.0,0.0,0.0,0.0,0.0
15,40,1.942574053968253e-06,0.0,0.0,0.0,0.0,0.0
15,41,0.0,0.0,0.0,0.0,0.0,0.0
15,42,0.0,0.0,0.0,0.0,0.0,0.0
15,43,0.0,0.0,0.0,0.0,0.0,0.0
15,44,0.0,0.0,0.0,0.0,0.0,0.0
15,45,0.0,0.0,0.0,0.0,0.0,0.0
15,46,0.0,0.0,0.0,0.0,0.0,0.0
15,47,0.0,0.0,0.0,0.0,0.0,0.0
15,48,0.0,0.0,0.0,0.0,0.0,0.0
15,49,0.0,0.0,0.0,0.0,0.0,0.0
16,0,0.0,0.0,0.0,0.0,0.0,0.0
16,1,0.0,0.0,0.0,0.0,0.0,0.0
16,2,0.0,0.0,0.0,0.0,0.0,0.0
16,3,0.0,0.0,0.0,0.0,0.0,0.0
16,4,0.0,0.0,0.0,0.0,0.0,1.7429179682539685e-07
16,5,0.0,0.0,0.0,0.0,0.0,0.0
16,6,0.0,0.0,0.0,0.0,0.0,0.0
16,7,9.706147112698405e-06,0.0,0.0,0.0,0.0,0.0
16,8,1.035862829365079e-05,0.0,0.0,0.0,0.0,0.0
16,9,9.704679458730164e-06,0.0,0.0,0.0,0.0,0.0
16,10,0.0,0.0,0.0,0.0,0.0,0.0
16,11,1.839321815873017e-06,0.0,0.0,0.0,0.0,0.0
16,12,1.0197795536507938e-05,0.0,0.0,0.0,0.0,0.0
16,13,0.0,0.0,0.0,0.0,0.0,0.0
16,14,0.0,0.0,0.0,0.0,0.0,0.0
16,15,0.0,0.0,0.0,0.0,0.0,0.0
16,16,0.0,0.0,0.0,0.0,0.0,0.0
16,17,1.7419022349206348e-07,0.0,0.0,0.0,0.0,0.0
16,18,0.0,0.0,0.0,0.0,0.0,0.0
16,19,1.0191742785714293e-05,0.0,0.0,0.0,0.0,0.0
16,20,0.0,0.0,0.0,0.0,0.0,0.0
16,21,1.0059288025396818e-05,0.0,0.0,0.0,0.0,0.0
16,22,1.0044212547619056e-05,0.0,0.0,0.0,0.0,0.0
16,23,0.0,0.0,0.0,0.0,0.0,0.0
16,24,9.371506815873009e-06,0.0,0.0,0.0,0.0,0.0
16,25,4.4837385238095236e-07,0.0,0.0,0.0,0.0,0.0
16,26,0.0,0.0,0.0,0.0,0.0,0.0
16,27,3.8905706507936525e-07,0.0,0.0,0.0,0.0,0.0
16,28,0.0,0.0,0.0,0.0,0.0,0.0
16,29,7.522000944444447e-06,0.0,0.0,0.0,0.0,0.0
16,30,2.498752927936508e-06,0.0,0.0,0.0,0.0,0.0
16,31,8.795916555555565e-07,0.0,0.0,0.0,0.0,0.0
16,32,0.0,0.0,0.0,0.0,0.0,0.0
16,33,1.0053743971428578e-05,0.0,0.0,0.0,0.0,0.0
16,34,0.0,0.0,0.0,0.0,0.0,0.0
16,35,0.0,0.0,0.0,0.0,0.0,0.0
16,36,1.1010772795238088e-05,0.0,0.0,0.0,0.0,0.0
16,37,1.2174887763492057e-05,0.0,0.0,0.0,0.0,0.0
16,38,1.1831465677777771e-05,0.0,0.0,0.0,0.0,0.0
16,39,0.0,0.0,0.0,0.0,0.0,0.0
16,40,8.926296187301582e-06,0.0,0.0,0.0,0.0,0.0
16,41,0.0,0.0,0.0,0.0,0.0,0.0
16,42,0.0,0.0,0.0,0.0,0.0,0.0
16,43,0.0,0.0,0.0,0.0,0.0,0.0
16,44,0.0,0.0,0.0,0.0,0.0,0.0
16,45,0.0,0.0,0.0,0.0,0.0,0.0
16,46,0.0,0.0,0.0,0.0,0.0,1.6367875031745954e-07
16,47,0.0,0.0,0.0,0.0,0.0,0.0
16,48,0.0,0.0,0.0,0.0,0.0,0.0
16,49,0.0,0.0,0.0,0.0,0.0,0.0
17,0,0.0,0.0,0.0,0.0,0.0,0.0
17,1,0.0,0.0,0.0,0.0,0.0,0.0
17,2,0.0,0.0,0.0,0.0,0.0,0.0
17,3,0.0,0.0,0.0,0.0,0.0,0.0
17,4,0.0,0.0,0.0,0.0,0.0,0.0
17,5,0.0,0.0,0.0,0.0,0.0,0.0
17,6,0.0,0.0,0.0,0.0,0.0,0.0
17,7,0.0,0.0,0.0,0.0,0.0,0.0
17,8,0.0,0.0,0.0,0.0,0.0,0.0
17,9,0.0,0.0,0.0,0.0,0.0,0.0
17,10,8.208946036507943e-06,0.0,0.0,0.0,0.0,0.0
17,11,0.0,0.0,0.0,0.0,0.0,0.0
17,12,9.133440777777784e-06,0.0,0.0,0.0,0.0,0.0
17,13,3.8576225269841234e-06,0.0,0.0,0.0,0.0,0.0
17,14,1.4831477485714275e-06,1.3840330968253955e-06,0.0,0.0,2.3305598333333312e-06,0.0
17,15,8.425681125396832e-06,0.0,0.0,0.0,0.0,0.0
17,16,4.686563723809525e-06,0.0,0.0,0.0,0.0,0.0
17,17,1.1024951092063484e-05,0.0,0.0,0.0,0.0,0.0
17,18,1.2333615169841267e-05,0.0,0.0,0.0,0.0,0.0
17,19,1.2276706007936516e-05,0.0,0.0,0.0,0.0,0.0
17,20,1.1310145733333326e-05,0.0,0.0,0.0,0.0,0.0
17,21,2.106376015873017e-06,0.0,0.0,0.0,0.0,0.0
17,22,0.0,0.0,0.0,0.0,0.0,0.0
17,23,0.0,0.0,0.0,0.0,0.0,0.0
17,24,9.905836290476184e-06,0.0,0.0,0.0,0.0,0.0
17,25,8.118358603174593e-07,0.0,0.0,0.0,0.0,0.0
17,26,8.920426904761898e-06,0.0,0.0,0.0,0.0,0.0
17,27,8.958399703174595e-06,0.0,0.0,0.0,0.0,0.0
17,28,0.0,0.0,0.0,0.0,0.0,0.0
17,29,1.5804787057142869e-06,0.0,0.0,0.0,0.0,0.0
17,30,7.480198960317456e-06,0.0,0.0,0.0,0.0,0.0
17,31,0.0,0.0,0.0,0.0,0.0,0.0
17,32,0.0,0.0,0.0,0.0,0.0,0.0
17,33,9.94081724285715e-06,0.0,0.0,0.0,0.0,0.0
17,34,0.0,0.0,0.0,0.0,0.0,0.0
17,35,8.410782122222226e-06,0.0,0.0,0.0,0.0,0.0
17,36,4.044629083015871e-06,0.0,0.0,0.0,0.0,0.0
17,37,2.7619298050793634e-06,0.0,0.0,0.0,0.0,0.0
17,38,9.711532377777783e-06,0.0,0.0,0.0,0.0,0.0
17,39,0.0,0.0,0.0,0.0,0.0,0.0
17,40,4.767389922222227e-06,0.0,0.0,0.0,3.730828017460325e-07,0.0
17,41,9.019602842857149e-06,0.0,0.0,0.0,0.0,0.0
17,42,4.7641600333333365e-06,0.0,0.0,0.0,0.0,0.0
17,43,0.0,0.0,0.0,0.0,0.0,0.0
17,44,0.0,0.0,0.0,0.0,0.0,0.0
17,45,0.0,0.0,0.0,0.0,0.0,0.0
17,46,0.0,0.0,0.0,0.0,0.0,0.0
17,47,0.0,0.0,0.0,0.0,0.0,0.0
17,48,0.0,0.0,0.0,0.0,0.0,0.0
17,49,0.0,0.0,0.0,0.0,0.0,0.0
18,0,0.0,0.0,0.0,0.0,0.0,0.0
18,1,0.0,0.0,0.0,0.0,0.0,0.0
18,2,0.0,0.0,0.0,0.0,0.0,0.0
18,3,0.0,0.0,0.0,0.0,0.0,0.0
18,4,0.0,0.0,0.0,0.0,0.0,0.0
18,5,0.0,0.0,0.0,0.0,0.0,0.0
18,6,0.0,0.0,0.0,0.0,0.0,0.0
18,7,0.0,0.0,0.0,0.0,0.0,0.0
18,8,7.826125217460325e-06,0.0,0.0,0.0,0.0,0.0
18,9,0.0,0.0,0.0,0.0,0.0,0.0
18,10,0.0,0.0,0.0,0.0,0.0,0.0
18,11,0.0,0.0,0.0,0.0,0.0,0.0
18,12,0.0,0.0,0.0,0.0,0.0,0.0
18,13,9.288211022222216e-06,0.0,0.0,0.0,0.0,0.0
18,14,1.018011803809523e-05,0.0,0.0,0.0,0.0,0.0
18,15,0.0,0.0,0.0,0.0,0.0,0.0
18,16,1.0133798330158722e-05,0.0,0.0,0.0,0.0,0.0
18,17,1.3058748295238088e-05,0.0,0.0,0.0,0.0,0.0
18,18,1.2996077949206342e-05,0.0,0.0,0.0,0.0,0.0
18,19,0.0,0.0,0.0,0.0,0.0,0.0
18,20,1.1379753136507929e-05,0.0,0.0,0.0,0.0,0.0
18,21,1.1063964344444446e-05,0.0,0.0,0.0,0.0,0.0
18,22,0.0,0.0,0.0,0.0,0.0,0.0
18,23,3.7293503174603145e-07,0.0,0.0,0.0,0.0,0.0
18,24,9.187030365079363e-06,2.9767978771428554e-07,0.0,0.0,0.0,0.0
18,25,0.0,0.0,0.0,0.0,0.0,0.0
18,26,0.0,0.0,0.0,0.0,0.0,0.0
18,27,0.0,0.0,0.0,0.0,0.0,0.0
18,28,8.436450177777772e-06,0.0,0.0,0.0,0.0,0.0
18,29,5.385995063492067e-07,0.0,0.0,0.0,0.0,0.0
18,30,0.0,0.0,0.0,0.0,0.0,0.0
18,31,0.0,0.0,0.0,0.0,0.0,0.0
18,32,2.508620783174604e-06,0.0,0.0,0.0,0.0,0.0
18,33,9.107775953968249e-06,0.0,0.0,0.0,0.0,0.0
18,34,0.0,0.0,0.0,0.0,0.0,0.0
18,35,0.0,0.0,0.0,0.0,0.0,0.0
18,36,0.0,1.8896330031746028e-06,0.0,0.0,2.645017595238094e-06,0.0
18,37,1.3484031007936507e-06,1.4427660565079337e-07,0.0,0.0,0.0,0.0
18,38,3.85726213968254e-06,0.0,0.0,0.0,0.0,0.0
18,39,0.0,0.0,0.0,0.0,0.0,0.0
18,40,8.00787650317461e-06,0.0,0.0,0.0,0.0,0.0
18,41,0.0,0.0,0.0,0.0,0.0,0.0
18,42,0.0,0.0,0.0,0.0,0.0,0.0
18,43,0.0,0.0,0.0,0.0,0.0,0.0
18,44,0.0,0.0,0.0,0.0,0.0,0.0
18,45,0.0,0.0,0.0,0.0,0.0,0.0
18,46,0.0,0.0,0.0,0.0,0.0,0.0
18,47,0.0,0.0,0.0,0.0,0.0,0.0
18,48,0.0,0.0,0.0,0.0,0.0,0.0
18,49,0.0,0.0,0.0,0.0,0.0,0.0
19,0,0.0,0.0,0.0,0.0,0.0,0.0
19,1,0.0,0.0,0.0,0.0,0.0,0.0
19,2,0.0,0.0,0.0,0.0,0.0,0.0
19,3,0.0,0.0,0.0,0.0,0.0,0.0
19,4,0.0,0.0,0.0,0.0,0.0,0.0
19,5,0.0,0.0,0.0,0.0,0.0,0.0
19,6,0.0,0.0,0.0,0.0,0.0,0.0
19,7,7.642428344444437e-06,0.0,0.0,0.0,0.0,0.0
19,8,9.081023304761901e-07,7.92160792063492e-07,0.0,0.0,1.2467993698412691e-06,0.0
19,9,1.19415974904762e-06,0.0,0.0,0.0,0.0,0.0
19,10,7.668416669841266e-06,0.0,0.0,0.0,0.0,0.0
19,11,0.0,0.0,0.0,0.0,0.0,0.0
19,12,0.0,0.0,0.0,0.0,0.0,0.0
19,13,0.0,0.0,0.0,0.0,0.0,0.0
19,14,9.316233307936515e-06,0.0,0.0,0.0,0.0,0.0
19,15,0.0,0.0,0.0,0.0,0.0,0.0
19,16,0.0,0.0,0.0,0.0,0.0,0.0
19,17,1.1534586852380945e-05,0.0,0.0,0.0,0.0,0.0
19,18,1.3283286107936516e-05,0.0,0.0,0.0,0.0,0.0
19,19,1.1660561255555556e-05,0.0,0.0,0.0,0.0,0.0
19,20,0.0,0.0,0.0,0.0,0.0,0.0
19,21,1.2369987723809531e-05,0.0,0.0,0.0,0.0,0.0
19,22,1.1921577344444437e-05,0.0,0.0,0.0,0.0,0.0
19,23,9.828612741269834e-06,0.0,0.0,0.0,0.0,0.0
19,24,0.0,0.0,0.0,0.0,3.9174940476190413e-07,0.0
19,25,0.0,0.0,0.0,0.0,0.0,0.0
19,26,0.0,0.0,0.0,0.0,0.0,0.0
19,27,8.48378296190477e-06,0.0,0.0,0.0,0.0,0.0
19,28,5.506928307142855e-06,0.0,0.0,0.0,0.0,0.0
19,29,8.277974944444452e-06,0.0,0.0,0.0,0.0,0.0
19,30,0.0,0.0,0.0,0.0,0.0,0.0
19,31,7.248092015873022e-07,0.0,0.0,0.0,0.0,0.0
19,32,7.912685500000003e-06,0.0,0.0,0.0,0.0,0.0
19,33,0.0,0.0,0.0,0.0,0.0,0.0
19,34,0.0,0.0,0.0,0.0,0.0,0.0
19,35,0.0,0.0,0.0,0.0,0.0,0.0
19,36,9.030938907936503e-06,0.0,0.0,0.0,0.0,0.0
19,37,1.028859585238096e-05,0.0,0.0,0.0,0.0,0.0
19,38,1.0466477126984134e-05,0.0,0.0,0.0,0.0,0.0
19,39,8.315939253968241e-07,0.0,0.0,0.0,0.0,0.0
19,40,0.0,0.0,0.0,0.0,0.0,0.0
19,41,0.0,0.0,0.0,0.0,0.0,0.0
19,42,7.460757971428567e-06,0.0,0.0,0.0,0.0,0.0
19,43,0.0,0.0,0.0,0.0,0.0,0.0
19,44,0.0,0.0,0.0,0.0,0.0,0.0
19,45,0.0,0.0,0.0,0.0,0.0,0.0
19,46,0.0,0.0,0.0,0.0,0.0,0.0
19,47,0.0,0.0,0.0,0.0,0.0,0.0
19,48,0.0,0.0,0.0,0.0,0.0,0.0
19,49,0.0,0.0,0.0,0.0,0.0,0.0
20,0,0.0,0.0,0.0,0.0,0.0,0.0
20,1,0.0,0.0,0.0,0.0,0.0,0.0
20,2,0.0,0.0,0.0,0.0,0.0,0.0
20,3,0.0,0.0,0.0,0.0,0.0,0.0
20,4,0.0,0.0,0.0,0.0,0.0,0.0
20,5,0.0,0.0,0.0,0.0,0.0,0.0
20,6,0.0,0.0,0.0,0.0,0.0,0.0
20,7,0.0,0.0,0.0,0.0,0.0,0.0
20,8,0.0,0.0,0.0,0.0,0.0,0.0
20,9,8.003005258730152e-06,0.0,0.0,0.0,0.0,0.0
20,10,1.3723151952380954e-06,0.0,0.0,0.0,0.0,0.0
20,11,0.0,0.0,0.0,0.0,0.0,0.0
20,12,0.0,0.0,0.0,0.0,0.0,0.0
20,13,9.333356468253963e-06,0.0,0.0,0.0,0.0,0.0
20,14,0.0,0.0,0.0,0.0,0.0,0.0
20,15,0.0,0.0,0.0,0.0,0.0,0.0
20,16,8.672272592063497e-06,0.0,0.0,0.0,0.0,0.0
20,17,5.3034721146031785e-06,0.0,0.0,0.0,0.0,0.0
20,18,1.1112653923809524e-05,0.0,0.0,0.0,0.0,0.0
20,19,1.0981829873015881e-05,0.0,0.0,0.0,0.0,0.0
20,20,6.020391602380948e-06,0.0,0.0,0.0,0.0,0.0
20,21,1.2542219222222228e-05,0.0,0.0,0.0,0.0,0.0
20,22,1.1818391826984132e-05,0.0,0.0,0.0,0.0,0.0
20,23,0.0,0.0,0.0,0.0,0.0,0.0
20,24,9.181870949206343e-06,0.0,0.0,0.0,0.0,0.0
20,25,8.877274515873009e-06,0.0,0.0,0.0,0.0,0.0
20,26,0.0,0.0,0.0,0.0,0.0,0.0
20,27,0.0,0.0,0.0,0.0,0.0,0.0
20,28,9.9095467920635e-06,0.0,0.0,0.0,0.0,0.0
20,29,0.0,0.0,0.0,0.0,0.0,0.0
20,30,0.0,0.0,0.0,0.0,0.0,0.0
20,31,0.0,0.0,0.0,0.0,0.0,0.0
20,32,0.0,0.0,0.0,0.0,0.0,0.0
20,33,8.899155898412692e-06,0.0,0.0,0.0,0.0,0.0
20,34,8.582516077777784e-06,0.0,0.0,0.0,0.0,0.0
20,35,1.0921077015873015e-06,0.0,0.0,0.0,0.0,0.0
20,36,0.0,0.0,0.0,0.0,0.0,0.0
20,37,5.449301382063489e-06,0.0,0.0,0.0,0.0,0.0
20,38,1.100989022063492e-05,0.0,0.0,0.0,0.0,0.0
20,39,1.0465905796825403e-05,0.0,0.0,0.0,0.0,0.0
20,40,0.0,0.0,0.0,0.0,0.0,0.0
20,41,0.0,0.0,0.0,0.0,0.0,0.0
20,42,0.0,0.0,0.0,0.0,0.0,0.0
20,43,0.0,0.0,0.0,0.0,0.0,0.0
20,44,0.0,0.0,0.0,0.0,0.0,0.0
20,45,0.0,0.0,0.0,0.0,0.0,0.0
20,46,0.0,0.0,0.0,0.0,0.0,0.0
20,47,0.0,0.0,0.0,0.0,0.0,0.0
20,48,0.0,0.0,0.0,0.0,0.0,0.0
20,49,0.0,0.0,0.0,0.0,0.0,0.0
21,0,0.0,0.0,0.0,0.0,0.0,0.0
21,1,0.0,0.0,0.0,0.0,0.0,0.0
21,2,0.0,0.0,0.0,0.0,0.0,0.0
21,3,0.0,0.0,0.0,0.0,0.0,0.0
21,4,0.0,0.0,0.0,0.0,0.0,0.0
21,5,0.0,0.0,0.0,0.0,0.0,0.0
21,6,0.0,0.0,0.0,0.0,0.0,0.0
21,7,1.0148555792063485e-05,0.0,0.0,0.0,0.0,0.0
21,8,1.0284437447619049e-05,0.0,0.0,0.0,0.0,0.0
21,9,0.0,0.0,0.0,0.0,0.0,0.0
21,10,0.0,0.0,0.0,0.0,0.0,0.0
21,11,8.180656552380945e-06,0.0,0.0,0.0,0.0,0.0
21,12,0.0,0.0,0.0,0.0,9.321371746031749e-07,0.0
21,13,1.0960739674603167e-05,0.0,0.0,0.0,0.0,0.0
21,14,0.0,0.0,0.0,0.0,0.0,0.0
21,15,8.610287890476197e-06,0.0,0.0,0.0,0.0,0.0
21,16,0.0,0.0,0.0,0.0,0.0,0.0
21,17,0.0,0.0,0.0,0.0,0.0,0.0
21,18,0.0,0.0,0.0,0.0,0.0,0.0
21,19,0.0,0.0,0.0,0.0,0.0,0.0
21,20,1.0042106134920627e-05,0.0,0.0,0.0,0.0,0.0
21,21,1.2459821373015878e-05,0.0,0.0,0.0,0.0,0.0
21,22,5.670120782539687e-06,0.0,0.0,0.0,0.0,0.0
21,23,0.0,0.0,0.0,0.0,0.0,0.0
21,24,0.0,0.0,0.0,0.0,0.0,0.0
21,25,3.1884107073015855e-06,0.0,0.0,0.0,0.0,0.0
21,26,8.608351255555549e-06,0.0,0.0,0.0,0.0,0.0
21,27,2.0839481809523796e-06,0.0,0.0,0.0,0.0,0.0
21,28,1.1068597546031747e-05,0.0,0.0,0.0,0.0,0.0
21,29,1.0885529531746026e-05,0.0,0.0,0.0,0.0,0.0
21,30,0.0,1.0409359142857145e-06,0.0,0.0,1.307582277777777e-06,0.0
21,31,9.604179265079358e-06,0.0,0.0,0.0,0.0,0.0
21,32,2.719432973968256e-06,0.0,0.0,0.0,0.0,0.0
21,33,2.1120195657142842e-06,0.0,0.0,0.0,0.0,0.0
21,34,1.984482299999998e-06,0.0,0.0,0.0,0.0,0.0
21,35,0.0,0.0,0.0,0.0,0.0,0.0
21,36,1.0521495242857137e-05,0.0,0.0,0.0,0.0,0.0
21,37,1.0179895922222214e-05,0.0,0.0,0.0,0.0,0.0
21,38,0.0,0.0,0.0,0.0,0.0,0.0
21,39,1.1280485552380951e-05,0.0,0.0,0.0,0.0,0.0
21,40,5.4293485011111116e-06,0.0,0.0,0.0,0.0,0.0
21,41,1.0155482277777786e-05,0.0,0.0,0.0,0.0,0.0
21,42,8.751121693650802e-06,0.0,0.0,0.0,0.0,0.0
21,43,0.0,0.0,0.0,0.0,0.0,0.0
21,44,0.0,0.0,0.0,0.0,0.0,0.0
21,45,0.0,0.0,0.0,0.0,0.0,0.0
21,46,0.0,0.0,0.0,0.0,0.0,0.0
21,47,0.0,0.0,0.0,0.0,0.0,0.0
21,48,0.0,0.0,0.0,0.0,0.0,0.0
21,49,0.0,0.0,0.0,0.0,0.0,0.0
22,0,0.0,0.0,0.0,0.0,0.0,0.0
22,1,0.0,0.0,0.0,0.0,0.0,0.0
22,2,0.0,0.0,0.0,0.0,0.0,0.0
22,3,0.0,0.0,0.0,0.0,0.0,4.820865403876048e-07
22,4,0.0,0.0,0.0,0.0,0.0,0.0
22,5,0.0,0.0,0.0,0.0,0.0,0.0
22,6,0.0,0.0,0.0,0.0,0.0,0.0
22,7,1.0989555206349209e-05,0.0,0.0,0.0,0.0,0.0
22,8,1.0287166401587308e-05,0.0,0.0,0.0,0.0,0.0
22,9,0.0,0.0,0.0,0.0,0.0,0.0
22,10,0.0,0.0,0.0,0.0,0.0,0.0
22,11,0.0,0.0,0.0,0.0,0.0,0.0
22,12,1.1574271104761912e-05,0.0,0.0,0.0,0.0,0.0
22,13,1.3088765768253964e-05,0.0,0.0,0.0,0.0,0.0
22,14,1.0296633768253975e-05,0.0,0.0,0.0,0.0,0.0
22,15,4.686911969047616e-06,0.0,0.0,0.0,0.0,0.0
22,16,9.305488869841262e-06,0.0,0.0,0.0,0.0,0.0
22,17,1.0158021569841262e-05,0.0,0.0,0.0,0.0,0.0
22,18,1.0438269119047626e-05,0.0,0.0,0.0,0.0,0.0
22,19,4.178401317460321e-06,0.0,0.0,0.0,0.0,0.0
22,20,0.0,0.0,0.0,0.0,0.0,0.0
22,21,1.062765312222223e-05,0.0,0.0,0.0,0.0,0.0
22,22,1.5319020177777788e-06,8.995105333333343e-07,0.0,0.0,1.6118349428571415e-06,0.0
22,23,0.0,0.0,0.0,0.0,0.0,0.0
22,24,0.0,0.0,0.0,0.0,0.0,0.0
22,25,0.0,0.0,0.0,0.0,0.0,0.0
22,26,1.1246525198412702e-06,9.87294520073168e-07,0.0,0.0,0.0,0.0
22,27,0.0,0.0,0.0,0.0,0.0,0.0
22,28,0.0,0.0,0.0,0.0,0.0,0.0
22,29,1.0940148076190483e-05,0.0,0.0,0.0,0.0,0.0
22,30,1.2066689034920638e-05,0.0,0.0,0.0,0.0,0.0
22,31,1.2588356215873022e-05,0.0,0.0,0.0,0.0,0.0
22,32,9.519256798412707e-06,0.0,0.0,0.0,0.0,0.0
22,33,0.0,0.0,0.0,0.0,0.0,0.0
22,34,0.0,0.0,0.0,0.0,0.0,0.0
22,35,9.280501742857137e-06,0.0,0.0,0.0,0.0,0.0
22,36,1.1522122023809516e-05,0.0,0.0,0.0,0.0,0.0
22,37,0.0,0.0,0.0,0.0,0.0,0.0
22,38,1.0954428676190469e-05,0.0,0.0,0.0,0.0,0.0
22,39,1.1797228257142853e-05,0.0,0.0,0.0,0.0,0.0
22,40,1.0861612653968247e-05,0.0,0.0,0.0,0.0,0.0
22,41,1.0096407839682546e-05,0.0,0.0,0.0,0.0,0.0
22,42,0.0,0.0,0.0,0.0,0.0,0.0
22,43,0.0,0.0,0.0,0.0,0.0,0.0
22,44,0.0,0.0,0.0,0.0,0.0,2.5417762539682554e-07
22,45,0.0,0.0,0.0,0.0,0.0,0.0
22,46,0.0,0.0,0.0,0.0,0.0,0.0
22,47,0.0,0.0,0.0,0.0,0.0,0.0
22,48,0.0,0.0,0.0,0.0,0.0,0.0
22,49,0.0,0.0,0.0,0.0,0.0,0.0
23,0,0.0,0.0,0.0,0.0,0.0,0.0
23,1,0.0,0.0,0.0,0.0,0.0,0.0
23,2,0.0,0.0,0.0,0.0,0.0,0.0
23,3,0.0,0.0,0.0,0.0,0.0,0.0
23,4,0.0,0.0,0.0,0.0,0.0,0.0
23,5,0.0,0.0,0.0,0.0,0.0,0.0
23,6,0.0,0.0,0.0,0.0,0.0,0.0
23,7,9.027995009523817e-06,0.0,0.0,0.0,0.0,0.0
23,8,0.0,0.0,0.0,0.0,0.0,0.0
23,9,0.0,0.0,0.0,0.0,0.0,0.0
23,10,9.207063103174597e-06,0.0,0.0,0.0,0.0,0.0
23,11,1.1960664836507945e-05,0.0,0.0,0.0,0.0,0.0
23,12,1.3511547714285721e-05,0.0,0.0,0.0,0.0,0.0
23,13,1.2818211330158724e-05,0.0,0.0,0.0,0.0,0.0
23,14,3.5230591079365044e-06,0.0,0.0,0.0,0.0,0.0
23,15,0.0,0.0,0.0,0.0,0.0,0.0
23,16,0.0,0.0,0.0,0.0,0.0,0.0
23,17,2.7677653088888873e-06,0.0,0.0,0.0,0.0,0.0
23,18,1.0292960874603167e-05,0.0,0.0,0.0,0.0,0.0
23,19,9.489300509523803e-06,0.0,0.0,0.0,0.0,0.0
23,20,4.918331202063495e-06,0.0,0.0,0.0,0.0,0.0
23,21,9.579375549206356e-06,0.0,0.0,0.0,0.0,0.0
23,22,3.512517860317461e-06,0.0,0.0,0.0,0.0,0.0
23,23,8.725604082539675e-06,0.0,0.0,0.0,0.0,0.0
23,24,2.337870161587301e-06,1.734543525396825e-06,0.0,0.0,3.3544216476190492e-06,0.0
23,25,7.621758888888883e-06,3.363930849206353e-07,0.0,0.0,0.0,0.0
23,26,2.2519710688888902e-06,0.0,0.0,0.0,0.0,0.0
23,27,0.0,0.0,0.0,0.0,0.0,0.0
23,28,0.0,0.0,0.0,0.0,0.0,0.0
23,29,0.0,0.0,0.0,0.0,0.0,0.0
23,30,1.0053489580952381e-05,0.0,0.0,0.0,0.0,0.0
23,31,1.0865871465079372e-05,0.0,0.0,0.0,0.0,0.0
23,32,1.481030214285714e-06,0.0,0.0,0.0,3.6090462654114776e-07,0.0
23,33,0.0,0.0,0.0,0.0,0.0,0.0
23,34,5.074890174603174e-07,0.0,0.0,0.0,0.0,0.0
23,35,2.7159055047619038e-06,1.743350210594348e-06,0.0,0.0,2.9168851487301605e-06,0.0
23,36,8.763465734920643e-06,0.0,0.0,0.0,0.0,0.0
23,37,0.0,0.0,0.0,0.0,0.0,0.0
23,38,4.092557326984129e-06,0.0,0.0,0.0,0.0,0.0
23,39,1.1235694320634929e-05,0.0,0.0,0.0,0.0,0.0
23,40,0.0,0.0,0.0,0.0,0.0,0.0
23,41,0.0,0.0,0.0,0.0,0.0,0.0
23,42,0.0,0.0,0.0,0.0,0.0,0.0
23,43,0.0,0.0,0.0,0.0,0.0,0.0
23,44,0.0,0.0,0.0,0.0,0.0,0.0
23,45,0.0,0.0,0.0,0.0,0.0,0.0
23,46,0.0,0.0,0.0,0.0,0.0,0.0
23,47,0.0,0.0,0.0,0.0,0.0,0.0
23,48,0.0,0.0,0.0,0.0,0.0,0.0
23,49,0.0,0.0,0.0,0.0,0.0,0.0
24,0,0.0,0.0,0.0,0.0,0.0,0.0
24,1,0.0,0.0,0.0,0.0,0.0,0.0
24,2,0.0,0.0,0.0,0.0,0.0,0.0
24,3,0.0,0.0,0.0,0.0,0.0,0.0
24,4,0.0,0.0,0.0,0.0,0.0,3.691257190476191e-07
24,5,0.0,0.0,0.0,0.0,0.0,0.0
24,6,0.0,0.0,0.0,0.0,0.0,0.0
24,7,0.0,0.0,0.0,0.0,0.0,0.0
24,8,0.0,0.0,0.0,0.0,0.0,0.0
24,9,0.0,0.0,0.0,0.0,0.0,0.0
24,10,0.0,0.0,0.0,0.0,0.0,0.0
24,11,1.07597799920635e-05,0.0,0.0,0.0,0.0,0.0
24,12,1.2214670755555557e-05,0.0,0.0,0.0,0.0,0.0
24,13,1.1951440750793657e-05,0.0,0.0,0.0,0.0,0.0
24,14,1.3604249722222234e-06,0.0,0.0,0.0,0.0,0.0
24,15,0.0,0.0,0.0,0.0,0.0,0.0
24,16,0.0,0.0,0.0,0.0,0.0,0.0
24,17,0.0,0.0,0.0,0.0,0.0,0.0
24,18,0.0,0.0,0.0,0.0,0.0,0.0
24,19,0.0,0.0,0.0,0.0,0.0,0.0
24,20,8.4947528063492e-06,0.0,0.0,0.0,0.0,0.0
24,21,4.665663790952385e-06,0.0,0.0,0.0,0.0,0.0
24,22,0.0,0.0,0.0,0.0,0.0,0.0
24,23,8.679852299999993e-06,0.0,0.0,0.0,0.0,0.0
24,24,1.074141804920635e-06,0.0,0.0,0.0,2.0222374777777835e-07,0.0
24,25,0.0,0.0,0.0,0.0,5.45480441269842e-07,0.0
24,26,7.564501923809526e-06,0.0,0.0,0.0,0.0,0.0
24,27,2.254542290158728e-06,0.0,0.0,0.0,0.0,0.0
24,28,9.077631944444437e-06,0.0,0.0,0.0,0.0,0.0
24,29,1.0695987957142865e-05,0.0,0.0,0.0,0.0,0.0
24,30,5.045750852380949e-06,0.0,0.0,0.0,0.0,0.0
24,31,3.965898903174607e-06,0.0,0.0,0.0,0.0,0.0
24,32,7.853270823809516e-06,0.0,0.0,0.0,0.0,0.0
24,33,8.573545161904784e-07,0.0,0.0,0.0,0.0,0.0
24,34,1.0885238952380944e-06,0.0,0.0,0.0,0.0,0.0
24,35,8.203612888888889e-07,0.0,0.0,0.0,0.0,0.0
24,36,8.800509657142864e-06,0.0,0.0,0.0,0.0,0.0
24,37,0.0,0.0,0.0,0.0,0.0,0.0
24,38,0.0,0.0,0.0,0.0,0.0,0.0
24,39,9.187303228571437e-06,0.0,0.0,0.0,0.0,0.0
24,40,0.0,0.0,0.0,0.0,0.0,0.0
24,41,0.0,0.0,0.0,0.0,0.0,0.0
24,42,0.0,0.0,0.0,0.0,0.0,0.0
24,43,0.0,0.0,0.0,0.0,0.0,0.0
24,44,0.0,0.0,0.0,0.0,0.0,0.0
24,45,0.0,0.0,0.0,0.0,0.0,0.0
24,46,0.0,0.0,0.0,0.0,0.0,0.0
24,47,0.0,0.0,0.0,0.0,0.0,0.0
24,48,0.0,0.0,0.0,0.0,0.0,0.0
24,49,0.0,0.0,0.0,0.0,0.0,0.0
25,0,0.0,0.0,0.0,0.0,0.0,0.0
25,1,0.0,0.0,0.0,0.0,0.0,0.0
25,2,0.0,0.0,0.0,0.0,0.0,0.0
25,3,0.0,0.0,0.0,0.0,0.0,0.0
25,4,0.0,0.0,0.0,0.0,0.0,0.0
25,5,0.0,0.0,0.0,0.0,0.0,0.0
25,6,0.0,0.0,0.0,0.0,0.0,0.0
25,7,8.792334461904754e-06,0.0,0.0,0.0,0.0,0.0
25,8,9.85331096666666e-06,0.0,0.0,0.0,0.0,0.0
25,9,9.08725621269842e-06,0.0,0.0,0.0,0.0,0.0
25,10,0.0,0.0,0.0,0.0,0.0,0.0
25,11,0.0,0.0,0.0,0.0,0.0,0.0
25,12,0.0,0.0,0.0,0.0,0.0,0.0
25,13,3.828554855555553e-06,0.0,0.0,0.0,0.0,0.0
25,14,9.458051090476185e-06,0.0,0.0,0.0,0.0,0.0
25,15,0.0,0.0,0.0,0.0,0.0,0.0
25,16,9.671138979365074e-06,0.0,0.0,0.0,0.0,0.0
25,17,1.145551694285715e-05,0.0,0.0,0.0,0.0,0.0
25,18,1.0963345312698405e-05,0.0,0.0,0.0,0.0,0.0
25,19,0.0,0.0,0.0,0.0,0.0,0.0
25,20,9.200603598412701e-07,0.0,0.0,0.0,0.0,0.0
25,21,9.213215477777773e-06,0.0,0.0,0.0,0.0,0.0
25,22,0.0,0.0,0.0,0.0,0.0,0.0
25,23,1.6035324353968265e-06,0.0,0.0,0.0,0.0,0.0
25,24,0.0,0.0,0.0,0.0,0.0,0.0
25,25,0.0,0.0,0.0,0.0,0.0,0.0
25,26,0.0,0.0,0.0,0.0,0.0,0.0
25,27,0.0,0.0,0.0,0.0,0.0,0.0
25,28,2.7076424038095216e-06,0.0,0.0,0.0,0.0,0.0
25,29,1.0371418801587307e-05,0.0,0.0,0.0,0.0,0.0
25,30,0.0,0.0,0.0,0.0,0.0,0.0
25,31,0.0,0.0,0.0,0.0,0.0,0.0
25,32,5.415729284126985e-07,0.0,0.0,0.0,0.0,0.0
25,33,8.155021546031754e-07,0.0,0.0,0.0,0.0,0.0
25,34,7.896331371428576e-06,0.0,0.0,0.0,0.0,0.0
25,35,0.0,0.0,0.0,0.0,0.0,0.0
25,36,0.0,0.0,0.0,0.0,0.0,0.0
25,37,0.0,0.0,0.0,0.0,0.0,0.0
25,38,0.0,0.0,0.0,0.0,0.0,0.0
25,39,0.0,0.0,0.0,0.0,0.0,0.0
25,40,0.0,0.0,0.0,0.0,0.0,0.0
25,41,0.0,0.0,0.0,0.0,0.0,0.0
25,42,0.0,0.0,0.0,0.0,0.0,0.0
25,43,0.0,0.0,0.0,0.0,0.0,0.0
25,44,0.0,0.0,0.0,0.0,0.0,0.0
25,45,0.0,0.0,0.0,0.0,0.0,0.0
25,46,0.0,0.0,0.0,0.0,0.0,0.0
25,47,0.0,0.0,0.0,0.0,0.0,0.0
25,48,0.0,0.0,0.0,0.0,0.0,0.0
25,49,0.0,0.0,0.0,0.0,0.0,0.0
26,0,0.0,0.0,0.0,0.0,0.0,0.0
26,1,0.0,0.0,0.0,0.0,0.0,0.0
26,2,0.0,0.0,0.0,0.0,0.0,0.0
26,3,0.0,0.0,0.0,0.0,0.0,0.0
26,4,0.0,0.0,0.0,0.0,0.0,0.0
26,5,0.0,0.0,0.0,0.0,0.0,0.0
26,6,0.0,0.0,0.0,0.0,0.0,0.0
26,7,0.0,0.0,0.0,0.0,0.0,0.0
26,8,0.0,0.0,0.0,0.0,0.0,0.0
26,9,0.0,0.0,0.0,0.0,0.0,0.0
26,10,9.348574260317465e-06,0.0,0.0,0.0,0.0,0.0
26,11,0.0,0.0,0.0,0.0,0.0,0.0
26,12,0.0,0.0,0.0,0.0,0.0,0.0
26,13,1.1169116612698409e-06,0.0,0.0,0.0,0.0,0.0
26,14,3.678710768253965e-06,0.0,0.0,0.0,0.0,0.0
26,15,8.895330588888896e-06,0.0,0.0,0.0,0.0,0.0
26,16,0.0,0.0,0.0,0.0,0.0,0.0
26,17,1.1530481209523803e-05,0.0,0.0,0.0,0.0,0.0
26,18,1.2737959617460325e-05,0.0,0.0,0.0,0.0,0.0
26,19,9.776488071428566e-06,0.0,0.0,0.0,0.0,0.0
26,20,3.2748274761904745e-06,0.0,0.0,0.0,0.0,0.0
26,21,1.0047295190476182e-05,0.0,0.0,0.0,0.0,0.0
26,22,0.0,0.0,0.0,0.0,0.0,0.0
26,23,9.290936923809531e-06,0.0,0.0,0.0,0.0,0.0
26,24,9.833165044444453e-06,0.0,0.0,0.0,0.0,0.0
26,25,0.0,0.0,0.0,0.0,0.0,0.0
26,26,0.0,0.0,0.0,0.0,0.0,0.0
26,27,0.0,0.0,0.0,0.0,0.0,0.0
26,28,0.0,0.0,0.0,0.0,0.0,0.0
26,29,1.0823442696825403e-05,0.0,0.0,0.0,0.0,0.0
26,30,0.0,0.0,0.0,0.0,0.0,0.0
26,31,0.0,0.0,0.0,0.0,0.0,0.0
26,32,0.0,0.0,0.0,0.0,0.0,0.0
26,33,0.0,0.0,0.0,0.0,0.0,0.0
26,34,0.0,0.0,0.0,0.0,0.0,0.0
26,35,9.781631685714295e-06,0.0,0.0,0.0,0.0,0.0
26,36,4.051858434920639e-06,0.0,0.0,0.0,0.0,0.0
26,37,9.258247260317468e-06,0.0,0.0,0.0,0.0,0.0
26,38,1.0198028998412705e-05,0.0,0.0,0.0,0.0,0.0
26,39,9.0794295047619e-06,0.0,0.0,0.0,0.0,0.0
26,40,9.092637300000006e-06,0.0,0.0,0.0,0.0,0.0
26,41,0.0,0.0,0.0,0.0,0.0,0.0
26,42,8.295057658730152e-06,0.0,0.0,0.0,0.0,0.0
26,43,0.0,0.0,0.0,0.0,0.0,0.0
26,44,0.0,0.0,0.0,0.0,0.0,0.0
26,45,0.0,0.0,0.0,0.0,0.0,0.0
26,46,0.0,0.0,0.0,0.0,0.0,0.0
26,47,0.0,0.0,0.0,0.0,0.0,0.0
26,48,0.0,0.0,0.0,0.0,0.0,0.0
26,49,0.0,0.0,0.0,0.0,0.0,0.0
27,0,0.0,0.0,0.0,0.0,0.0,0.0
27,1,0.0,0.0,0.0,0.0,0.0,0.0
27,2,0.0,0.0,0.0,0.0,0.0,0.0
27,3,0.0,0.0,0.0,0.0,0.0,0.0
27,4,0.0,0.0,0.0,0.0,0.0,0.0
27,5,0.0,0.0,0.0,0.0,0.0,0.0
27,6,0.0,0.0,0.0,0.0,0.0,0.0
27,7,8.88141887460318e-06,0.0,0.0,0.0,0.0,0.0
27,8,1.0357325941269835e-05,0.0,0.0,0.0,0.0,0.0
27,9,0.0,0.0,0.0,0.0,0.0,0.0
27,10,1.1001249204761899e-05,0.0,0.0,0.0,0.0,0.0
27,11,4.756458071428575e-06,0.0,0.0,0.0,0.0,0.0
27,12,1.0204439747619055e-05,0.0,0.0,0.0,0.0,0.0
27,13,1.1450033146031754e-05,0.0,0.0,0.0,0.0,0.0
27,14,9.69259675873015e-06,0.0,0.0,0.0,0.0,0.0
27,15,0.0,0.0,0.0,0.0,0.0,0.0
27,16,8.890302077777785e-06,0.0,0.0,0.0,0.0,0.0
27,17,6.316113895873019e-06,0.0,0.0,0.0,0.0,0.0
27,18,1.1074846876190468e-05,0.0,0.0,0.0,0.0,0.0
27,19,0.0,0.0,0.0,0.0,0.0,0.0
27,20,3.1011395857142844e-06,0.0,0.0,0.0,0.0,0.0
27,21,9.185540601587293e-06,0.0,0.0,0.0,0.0,0.0
27,22,0.0,0.0,0.0,0.0,0.0,0.0
27,23,3.56626330158731e-07,3.668153382539685e-07,0.0,0.0,4.328283047619043e-07,0.0
27,24,1.0434188169841278e-05,0.0,0.0,0.0,0.0,0.0
27,25,0.0,0.0,0.0,0.0,0.0,0.0
27,26,9.125347609523803e-06,0.0,0.0,0.0,0.0,0.0
27,27,0.0,0.0,0.0,0.0,0.0,0.0
27,28,1.1162710673015869e-05,0.0,0.0,0.0,0.0,0.0
27,29,1.3240448030158722e-05,0.0,0.0,0.0,0.0,0.0
27,30,1.1188502730158738e-05,0.0,0.0,0.0,0.0,0.0
27,31,0.0,0.0,0.0,0.0,0.0,0.0
27,32,9.831134571428566e-06,0.0,0.0,0.0,0.0,0.0
27,33,1.1742286320634928e-05,0.0,0.0,0.0,0.0,0.0
27,34,1.2120057733333326e-05,0.0,0.0,0.0,0.0,0.0
27,35,1.1817719050793644e-05,0.0,0.0,0.0,0.0,0.0
27,36,1.0580338861904757e-05,0.0,0.0,0.0,0.0,0.0
27,37,0.0,0.0,0.0,0.0,0.0,0.0
27,38,0.0,0.0,0.0,0.0,0.0,0.0
27,39,1.0253515858730166e-05,0.0,0.0,0.0,0.0,0.0
27,40,0.0,0.0,0.0,0.0,0.0,0.0
27,41,0.0,0.0,0.0,0.0,0.0,0.0
27,42,8.282991693650802e-06,0.0,0.0,0.0,0.0,0.0
27,43,0.0,0.0,0.0,0.0,0.0,0.0
27,44,0.0,0.0,0.0,0.0,0.0,0.0
27,45,0.0,0.0,0.0,0.0,0.0,0.0
27,46,0.0,0.0,0.0,0.0,0.0,0.0
27,47,0.0,0.0,0.0,0.0,0.0,0.0
27,48,0.0,0.0,0.0,0.0,0.0,0.0
27,49,0.0,0.0,0.0,0.0,0.0,0.0
28,0,0.0,0.0,0.0,0.0,0.0,0.0
28,1,0.0,0.0,0.0,0.0,0.0,0.0
28,2,0.0,0.0,0.0,0.0,0.0,0.0
28,3,0.0,0.0,0.0,0.0,0.0,0.0
28,4,0.0,0.0,0.0,0.0,0.0,2.515625084126987e-07
28,5,0.0,0.0,0.0,0.0,0.0,0.0
28,6,0.0,0.0,0.0,0.0,0.0,0.0
28,7,0.0,0.0,0.0,0.0,0.0,0.0
28,8,1.0083250060317454e-05,0.0,0.0,0.0,0.0,0.0
28,9,2.4864280476190462e-06,0.0,0.0,0.0,0.0,0.0
28,10,1.1257396601587296e-05,0.0,0.0,0.0,0.0,0.0
28,11,6.185075580952378e-06,0.0,0.0,0.0,0.0,0.0
28,12,6.666025222222219e-06,0.0,0.0,0.0,0.0,0.0
28,13,1.094237284285715e-05,0.0,0.0,0.0,0.0,0.0
28,14,0.0,0.0,0.0,0.0,0.0,0.0
28,15,0.0,0.0,0.0,0.0,3.117838809523816e-07,0.0
28,16,0.0,0.0,0.0,0.0,0.0,0.0
28,17,9.289960957142865e-06,0.0,0.0,0.0,0.0,0.0
28,18,1.0084812193650786e-05,0.0,0.0,0.0,0.0,0.0
28,19,0.0,0.0,0.0,0.0,0.0,0.0
28,20,9.149935179365072e-06,0.0,0.0,0.0,0.0,0.0
28,21,0.0,0.0,0.0,0.0,0.0,0.0
28,22,0.0,0.0,0.0,0.0,0.0,0.0
28,23,9.428394568253965e-06,0.0,0.0,0.0,0.0,0.0
28,24,1.0175303311111104e-05,0.0,0.0,0.0,0.0,0.0
28,25,0.0,0.0,0.0,0.0,0.0,0.0
28,26,1.0586626534920628e-05,0.0,0.0,0.0,0.0,0.0
28,27,6.022986102380955e-06,0.0,0.0,0.0,0.0,0.0
28,28,1.274168338412699e-05,0.0,0.0,0.0,0.0,0.0
28,29,1.3634957287301595e-05,0.0,0.0,0.0,0.0,0.0
28,30,1.2022951807936516e-05,0.0,0.0,0.0,0.0,0.0
28,31,1.011556507301588e-05,0.0,0.0,0.0,0.0,0.0
28,32,6.633626695238099e-06,0.0,0.0,0.0,0.0,0.0
28,33,1.2237241173015879e-05,0.0,0.0,0.0,0.0,0.0
28,34,1.120728924285715e-05,0.0,0.0,0.0,0.0,0.0
28,35,0.0,0.0,0.0,0.0,0.0,0.0
28,36,9.219525650793656e-06,0.0,0.0,0.0,0.0,0.0
28,37,0.0,0.0,0.0,0.0,0.0,0.0
28,38,6.612419238095243e-07,0.0,0.0,0.0,0.0,0.0
28,39,8.743335001587295e-06,0.0,0.0,0.0,0.0,0.0
28,40,0.0,0.0,0.0,0.0,0.0,0.0
28,41,0.0,0.0,0.0,0.0,0.0,0.0
28,42,0.0,0.0,0.0,0.0,0.0,0.0
28,43,0.0,0.0,0.0,0.0,0.0,0.0
28,44,0.0,0.0,0.0,0.0,0.0,0.0
28,45,0.0,0.0,0.0,0.0,0.0,0.0
28,46,0.0,0.0,0.0,0.0,0.0,0.0
28,47,0.0,0.0,0.0,0.0,0.0,0.0
28,48,0.0,0.0,0.0,0.0,0.0,0.0
28,49,0.0,0.0,0.0,0.0,0.0,0.0
29,0,0.0,0.0,0.0,0.0,0.0,0.0
29,1,0.0,0.0,0.0,0.0,0.0,4.1888000555555464e-07
29,2,0.0,0.0,0.0,0.0,0.0,0.0
29,3,0.0,0.0,0.0,0.0,0.0,0.0
29,4,0.0,0.0,0.0,0.0,0.0,0.0
29,5,0.0,0.0,0.0,0.0,0.0,0.0
29,6,0.0,0.0,0.0,0.0,0.0,0.0
29,7,0.0,0.0,0.0,0.0,0.0,0.0
29,8,0.0,0.0,0.0,0.0,0.0,0.0
29,9,9.137775944444453e-06,0.0,0.0,0.0,0.0,0.0
29,10,0.0,0.0,0.0,0.0,0.0,0.0
29,11,1.5105936222222216e-06,0.0,0.0,0.0,0.0,0.0
29,12,1.1421413157142865e-05,0.0,0.0,0.0,0.0,0.0
29,13,1.052585926825396e-05,0.0,0.0,0.0,0.0,0.0
29,14,7.248498999999991e-07,0.0,0.0,0.0,0.0,0.0
29,15,0.0,2.7660521269841253e-07,0.0,0.0,0.0,0.0
29,16,0.0,0.0,0.0,0.0,0.0,0.0
29,17,0.0,0.0,0.0,0.0,0.0,0.0
29,18,0.0,0.0,0.0,0.0,0.0,0.0
29,19,0.0,0.0,0.0,0.0,0.0,0.0
29,20,9.04346730476191e-06,0.0,0.0,0.0,0.0,0.0
29,21,0.0,0.0,0.0,0.0,0.0,0.0
29,22,9.46688773968254e-06,0.0,0.0,0.0,0.0,0.0
29,23,0.0,0.0,0.0,0.0,0.0,0.0
29,24,0.0,0.0,0.0,0.0,0.0,0.0
29,25,1.6223756619047634e-06,0.0,0.0,0.0,0.0,0.0
29,26,1.0778513226984119e-05,0.0,0.0,0.0,0.0,0.0
29,27,1.2098667038095242e-05,0.0,0.0,0.0,0.0,0.0
29,28,1.3489511182539676e-05,0.0,0.0,0.0,0.0,0.0
29,29,1.1571430279365072e-05,0.0,0.0,0.0,0.0,0.0
29,30,0.0,0.0,0.0,0.0,0.0,0.0
29,31,3.986149559682543e-06,0.0,0.0,0.0,0.0,0.0
29,32,1.0812767790476182e-05,0.0,0.0,0.0,0.0,0.0
29,33,1.1114340722222215e-05,0.0,0.0,0.0,0.0,0.0
29,34,0.0,0.0,0.0,0.0,0.0,0.0
29,35,0.0,0.0,0.0,0.0,0.0,0.0
29,36,1.6820384676190477e-06,0.0,0.0,0.0,1.1812402946031737e-06,0.0
29,37,7.336638712698417e-07,0.0,0.0,0.0,0.0,0.0
29,38,9.465076282539678e-07,0.0,0.0,0.0,1.5872441676190477e-06,0.0
29,39,0.0,0.0,0.0,0.0,0.0,0.0
29,40,0.0,0.0,0.0,0.0,0.0,0.0
29,41,9.322507406349213e-06,0.0,0.0,0.0,0.0,0.0
29,42,0.0,0.0,0.0,0.0,0.0,0.0
29,43,0.0,0.0,0.0,0.0,0.0,0.0
29,44,0.0,0.0,0.0,0.0,0.0,0.0
29,45,0.0,0.0,0.0,0.0,0.0,0.0
29,46,0.0,0.0,0.0,0.0,0.0,0.0
29,47,0.0,0.0,0.0,0.0,0.0,0.0
29,48,0.0,0.0,0.0,0.0,0.0,0.0
29,49,0.0,0.0,0.0,0.0,0.0,0.0
30,0,0.0,0.0,0.0,0.0,0.0,0.0
30,1,0.0,0.0,0.0,0.0,0.0,0.0
30,2,0.0,0.0,0.0,0.0,0.0,0.0
30,3,0.0,0.0,0.0,0.0,0.0,0.0
30,4,0.0,0.0,0.0,0.0,0.0,0.0
30,5,0.0,0.0,0.0,0.0,0.0,0.0
30,6,0.0,0.0,0.0,0.0,0.0,0.0
30,7,9.92161583333334e-06,0.0,0.0,0.0,0.0,0.0
30,8,9.845388596825404e-06,0.0,0.0,0.0,0.0,0.0
30,9,0.0,0.0,0.0,0.0,0.0,0.0
30,10,0.0,0.0,0.0,0.0,0.0,0.0
30,11,2.027304744444446e-06,0.0,0.0,0.0,0.0,0.0
30,12,1.0837898879365074e-05,0.0,0.0,0.0,0.0,0.0
30,13,0.0,0.0,0.0,0.0,0.0,0.0
30,14,0.0,0.0,0.0,0.0,0.0,0.0
30,15,8.153720953968247e-06,0.0,0.0,0.0,0.0,0.0
30,16,0.0,0.0,0.0,0.0,0.0,0.0
30,17,0.0,0.0,0.0,0.0,0.0,0.0
30,18,0.0,0.0,0.0,0.0,0.0,0.0
30,19,0.0,0.0,0.0,0.0,0.0,0.0
30,20,0.0,0.0,0.0,0.0,0.0,0.0
30,21,9.99458858571428e-06,0.0,0.0,0.0,0.0,0.0
30,22,1.0330182836507943e-05,0.0,0.0,0.0,0.0,0.0
30,23,3.967560130158727e-06,0.0,0.0,0.0,0.0,0.0
30,24,3.6109429152380907e-06,0.0,0.0,0.0,0.0,0.0
30,25,7.78410467619047e-06,0.0,0.0,0.0,0.0,0.0
30,26,0.0,0.0,0.0,0.0,0.0,0.0
30,27,4.253713568253965e-06,0.0,0.0,0.0,0.0,0.0
30,28,1.2034147795238103e-05,0.0,0.0,0.0,0.0,0.0
30,29,0.0,0.0,0.0,0.0,0.0,0.0
30,30,0.0,0.0,0.0,0.0,0.0,0.0
30,31,0.0,0.0,0.0,0.0,0.0,0.0
30,32,9.757239085714278e-06,0.0,0.0,0.0,0.0,0.0
30,33,6.868779587301578e-07,0.0,0.0,0.0,0.0,0.0
30,34,2.5860464904761924e-06,0.0,0.0,0.0,0.0,0.0
30,35,0.0,0.0,0.0,0.0,0.0,0.0
30,36,9.20289842539682e-06,0.0,0.0,0.0,0.0,0.0
30,37,1.1295804999999993e-06,0.0,0.0,0.0,0.0,0.0
30,38,8.295318090476198e-06,0.0,0.0,0.0,0.0,0.0
30,39,0.0,0.0,0.0,0.0,0.0,0.0
30,40,1.1164025450793652e-05,0.0,0.0,0.0,0.0,0.0
30,41,1.2409266799999993e-05,0.0,0.0,0.0,0.0,0.0
30,42,9.332369719047625e-06,0.0,0.0,0.0,0.0,0.0
30,43,0.0,0.0,0.0,0.0,0.0,0.0
30,44,0.0,0.0,0.0,0.0,0.0,0.0
30,45,0.0,0.0,0.0,0.0,0.0,0.0
30,46,0.0,0.0,0.0,0.0,0.0,0.0
30,47,0.0,0.0,0.0,0.0,0.0,0.0
30,48,0.0,0.0,0.0,0.0,0.0,0.0
30,49,0.0,0.0,0.0,0.0,0.0,0.0
31,0,0.0,0.0,0.0,0.0,0.0,2.1067104039288928e-07
31,1,0.0,0.0,0.0,0.0,0.0,0.0
31,2,0.0,0.0,0.0,0.0,0.0,0.0
31,3,0.0,0.0,0.0,0.0,0.0,0.0
31,4,0.0,0.0,0.0,0.0,0.0,0.0
31,5,0.0,0.0,0.0,0.0,0.0,0.0
31,6,0.0,0.0,0.0,0.0,0.0,0.0
31,7,1.0411236750793658e-05,0.0,0.0,0.0,0.0,0.0
31,8,2.295141823809525e-06,0.0,0.0,0.0,4.414612469241109e-07,0.0
31,9,0.0,0.0,0.0,0.0,0.0,0.0
31,10,2.129253698412704e-07,0.0,0.0,0.0,0.0,0.0
31,11,9.421367919047625e-06,0.0,0.0,0.0,0.0,0.0
31,12,1.1310702315873008e-05,0.0,0.0,0.0,0.0,0.0
31,13,0.0,0.0,0.0,0.0,0.0,0.0
31,14,8.665346053968261e-06,0.0,0.0,0.0,0.0,0.0
31,15,0.0,6.172054079365074e-07,0.0,0.0,0.0,0.0
31,16,1.0795503063492057e-05,0.0,0.0,0.0,0.0,0.0
31,17,1.0437823776190484e-05,0.0,0.0,0.0,0.0,0.0
31,18,0.0,0.0,0.0,0.0,0.0,0.0
31,19,0.0,0.0,0.0,0.0,0.0,0.0
31,20,6.002503238095234e-07,0.0,0.0,0.0,1.4015309047619047e-07,0.0
31,21,2.945084982539681e-06,0.0,0.0,0.0,0.0,0.0
31,22,2.4143509825396807e-06,0.0,0.0,0.0,0.0,0.0
31,23,9.066575260317467e-06,0.0,0.0,0.0,0.0,0.0
31,24,8.907210053968248e-06,0.0,0.0,0.0,0.0,0.0
31,25,1.6654999095238094e-06,0.0,0.0,0.0,0.0,0.0
31,26,0.0,0.0,0.0,0.0,0.0,0.0
31,27,7.238361269841274e-07,0.0,0.0,0.0,0.0,0.0
31,28,1.0784691920634912e-05,0.0,0.0,0.0,0.0,0.0
31,29,1.0573558980952388e-05,0.0,0.0,0.0,0.0,0.0
31,30,0.0,0.0,0.0,0.0,0.0,0.0
31,31,0.0,0.0,0.0,0.0,0.0,0.0
31,32,5.105844620634924e-06,0.0,0.0,0.0,0.0,0.0
31,33,1.0122941347619053e-05,0.0,0.0,0.0,0.0,0.0
31,34,0.0,0.0,0.0,0.0,0.0,0.0
31,35,0.0,0.0,0.0,0.0,0.0,0.0
31,36,1.0730837839682533e-05,0.0,0.0,0.0,0.0,0.0
31,37,3.3052325238095234e-07,0.0,0.0,0.0,0.0,0.0
31,38,0.0,0.0,0.0,0.0,0.0,0.0
31,39,1.0247995096825389e-05,0.0,0.0,0.0,0.0,0.0
31,40,1.2622685834920643e-05,0.0,0.0,0.0,0.0,0.0
31,41,8.120836909523803e-06,0.0,0.0,0.0,0.0,0.0
31,42,0.0,0.0,0.0,0.0,0.0,0.0
31,43,0.0,0.0,0.0,0.0,0.0,0.0
31,44,0.0,0.0,0.0,0.0,0.0,0.0
31,45,0.0,0.0,0.0,0.0,0.0,0.0
31,46,0.0,0.0,0.0,0.0,0.0,0.0
31,47,0.0,0.0,0.0,0.0,0.0,0.0
31,48,0.0,0.0,0.0,0.0,0.0,0.0
31,49,0.0,0.0,0.0,0.0,0.0,0.0
32,0,0.0,0.0,0.0,0.0,0.0,0.0
32,1,0.0,0.0,0.0,0.0,0.0,0.0
32,2,0.0,0.0,0.0,0.0,0.0,0.0
32,3,0.0,0.0,0.0,0.0,0.0,0.0
32,4,0.0,0.0,0.0,0.0,0.0,0.0
32,5,0.0,0.0,0.0,0.0,0.0,0.0
32,6,0.0,0.0,0.0,0.0,0.0,0.0
32,7,9.281594320634913e-06,0.0,0.0,0.0,0.0,0.0
32,8,7.236957619047618e-07,0.0,0.0,0.0,0.0,0.0
32,9,0.0,0.0,0.0,0.0,0.0,0.0
32,10,0.0,0.0,0.0,0.0,0.0,0.0
32,11,0.0,0.0,0.0,0.0,0.0,0.0
32,12,9.724436874603168e-06,0.0,0.0,0.0,0.0,0.0
32,13,0.0,0.0,0.0,0.0,0.0,0.0
32,14,0.0,0.0,0.0,0.0,0.0,0.0
32,15,9.93136014603175e-06,0.0,0.0,0.0,0.0,0.0
32,16,1.1711143096825391e-05,0.0,0.0,0.0,0.0,0.0
32,17,1.181754918412699e-05,0.0,0.0,0.0,0.0,0.0
32,18,1.0920324161904768e-05,0.0,0.0,0.0,0.0,0.0
32,19,1.1236760780952373e-05,0.0,0.0,0.0,0.0,0.0
32,20,9.857627073015865e-06,0.0,0.0,0.0,0.0,0.0
32,21,4.726756547777774e-06,0.0,0.0,0.0,0.0,0.0
32,22,0.0,0.0,0.0,0.0,0.0,0.0
32,23,0.0,0.0,0.0,0.0,0.0,0.0
32,24,0.0,0.0,0.0,0.0,0.0,0.0
32,25,0.0,0.0,0.0,0.0,0.0,0.0
32,26,0.0,0.0,0.0,0.0,0.0,0.0
32,27,0.0,0.0,0.0,0.0,0.0,0.0
32,28,0.0,0.0,0.0,0.0,0.0,0.0
32,29,1.0821075285714295e-05,0.0,0.0,0.0,0.0,0.0
32,30,0.0,2.793618873015872e-07,0.0,0.0,0.0,0.0
32,31,8.521831971428563e-06,0.0,0.0,0.0,0.0,0.0
32,32,5.179835838888891e-06,0.0,0.0,0.0,0.0,0.0
32,33,1.0939469169841273e-05,0.0,0.0,0.0,0.0,0.0
32,34,1.2031957433333328e-05,0.0,0.0,0.0,0.0,0.0
32,35,1.2287156101587293e-05,0.0,0.0,0.0,0.0,0.0
32,36,1.2138570222222215e-05,0.0,0.0,0.0,0.0,0.0
32,37,1.814719268253969e-06,0.0,0.0,0.0,1.239565762801904e-06,0.0
32,38,8.956642576190483e-06,0.0,0.0,0.0,0.0,0.0
32,39,0.0,0.0,0.0,0.0,0.0,0.0
32,40,1.0032684784126977e-05,0.0,0.0,0.0,0.0,0.0
32,41,0.0,0.0,0.0,0.0,0.0,0.0
32,42,7.875526800000007e-06,0.0,0.0,0.0,0.0,0.0
32,43,0.0,0.0,0.0,0.0,0.0,0.0
32,44,0.0,0.0,0.0,0.0,0.0,0.0
32,45,0.0,0.0,0.0,0.0,0.0,0.0
32,46,0.0,0.0,0.0,0.0,0.0,0.0
32,47,0.0,0.0,0.0,0.0,0.0,0.0
32,48,0.0,0.0,0.0,0.0,0.0,0.0
32,49,0.0,0.0,0.0,0.0,0.0,0.0
33,0,0.0,0.0,0.0,0.0,0.0,0.0
33,1,0.0,0.0,0.0,0.0,0.0,0.0
33,2,0.0,0.0,0.0,0.0,0.0,0.0
33,3,0.0,0.0,0.0,0.0,0.0,0.0
33,4,0.0,0.0,0.0,0.0,0.0,0.0
33,5,0.0,0.0,0.0,0.0,0.0,0.0
33,6,0.0,0.0,0.0,0.0,0.0,0.0
33,7,0.0,0.0,0.0,0.0,0.0,0.0
33,8,1.0523964353968253e-05,0.0,0.0,0.0,0.0,0.0
33,9,5.237216379365076e-06,0.0,0.0,0.0,0.0,0.0
33,10,0.0,0.0,0.0,0.0,0.0,0.0
33,11,9.302550876190469e-06,0.0,0.0,0.0,0.0,0.0
33,12,4.7866253660317425e-06,0.0,0.0,0.0,0.0,0.0
33,13,9.142881628571436e-06,0.0,0.0,0.0,0.0,0.0
33,14,9.244044317460324e-06,0.0,0.0,0.0,0.0,0.0
33,15,1.978663074603177e-06,0.0,0.0,0.0,0.0,0.0
33,16,0.0,0.0,0.0,0.0,0.0,0.0
33,17,0.0,0.0,0.0,0.0,0.0,0.0
33,18,0.0,0.0,0.0,0.0,0.0,0.0
33,19,1.0122873436507928e-05,0.0,0.0,0.0,0.0,0.0
33,20,6.247105551587305e-06,0.0,0.0,0.0,0.0,0.0
33,21,1.069931645238096e-05,0.0,0.0,0.0,0.0,0.0
33,22,9.356311341269834e-06,0.0,0.0,0.0,0.0,0.0
33,23,0.0,0.0,0.0,0.0,0.0,0.0
33,24,8.888125623809532e-06,0.0,0.0,0.0,0.0,0.0
33,25,0.0,0.0,0.0,0.0,0.0,0.0
33,26,8.096197138095243e-06,0.0,0.0,0.0,0.0,0.0
33,27,0.0,0.0,0.0,0.0,0.0,0.0
33,28,9.685889477777785e-06,0.0,0.0,0.0,0.0,0.0
33,29,1.1090094052380949e-05,0.0,0.0,0.0,0.0,0.0
33,30,8.9817960079365e-06,0.0,0.0,0.0,0.0,0.0
33,31,0.0,0.0,0.0,0.0,0.0,0.0
33,32,8.487317823809517e-06,0.0,0.0,0.0,0.0,0.0
33,33,5.094256268253971e-06,0.0,0.0,0.0,0.0,0.0
33,34,1.0897360809523812e-05,0.0,0.0,0.0,0.0,0.0
33,35,1.2103941084126977e-05,0.0,0.0,0.0,0.0,0.0
33,36,1.2272667855555562e-05,0.0,0.0,0.0,0.0,0.0
33,37,0.0,0.0,0.0,0.0,0.0,0.0
33,38,5.020141361904758e-06,0.0,0.0,0.0,0.0,0.0
33,39,8.659815436507937e-06,0.0,0.0,0.0,0.0,0.0
33,40,0.0,0.0,0.0,0.0,0.0,0.0
33,41,0.0,0.0,0.0,0.0,0.0,0.0
33,42,0.0,0.0,0.0,0.0,0.0,0.0
33,43,0.0,0.0,0.0,0.0,0.0,0.0
33,44,0.0,0.0,0.0,0.0,0.0,0.0
33,45,0.0,0.0,0.0,0.0,0.0,0.0
33,46,0.0,0.0,0.0,0.0,0.0,0.0
33,47,0.0,0.0,0.0,0.0,0.0,0.0
33,48,0.0,0.0,0.0,0.0,0.0,0.0
33,49,0.0,0.0,0.0,0.0,0.0,0.0
34,0,0.0,0.0,0.0,0.0,0.0,0.0
34,1,0.0,0.0,0.0,0.0,0.0,0.0
34,2,0.0,0.0,0.0,0.0,0.0,0.0
34,3,0.0,0.0,0.0,0.0,0.0,0.0
34,4,0.0,0.0,0.0,0.0,0.0,0.0
34,5,0.0,0.0,0.0,0.0,0.0,0.0
34,6,0.0,0.0,0.0,0.0,0.0,0.0
34,7,9.272770349206346e-06,0.0,0.0,0.0,0.0,0.0
34,8,1.1615559020634928e-05,0.0,0.0,0.0,0.0,0.0
34,9,0.0,0.0,0.0,0.0,0.0,0.0
34,10,0.0,0.0,0.0,0.0,0.0,0.0
34,11,8.946934128571435e-06,0.0,0.0,0.0,0.0,0.0
34,12,0.0,0.0,0.0,0.0,0.0,0.0
34,13,0.0,0.0,0.0,0.0,0.0,0.0
34,14,1.1518215482539682e-06,0.0,0.0,0.0,0.0,0.0
34,15,0.0,0.0,0.0,0.0,0.0,0.0
34,16,9.65675175714285e-06,0.0,0.0,0.0,0.0,0.0
34,17,1.150880181746032e-05,0.0,0.0,0.0,0.0,0.0
34,18,9.975183074603182e-06,0.0,0.0,0.0,0.0,0.0
34,19,2.812737519047621e-06,0.0,0.0,0.0,0.0,0.0
34,20,9.57533056825396e-06,0.0,0.0,0.0,0.0,0.0
34,21,1.0456204665079371e-05,0.0,0.0,0.0,0.0,0.0
34,22,4.895005831746029e-06,0.0,0.0,0.0,0.0,0.0
34,23,2.3014185536507927e-06,0.0,0.0,0.0,0.0,0.0
34,24,8.786668623809531e-06,0.0,0.0,0.0,0.0,0.0
34,25,0.0,0.0,0.0,0.0,0.0,0.0
34,26,2.3272707841269826e-06,0.0,0.0,0.0,0.0,0.0
34,27,9.662612526984122e-06,0.0,0.0,0.0,0.0,0.0
34,28,0.0,0.0,0.0,0.0,0.0,0.0
34,29,9.197210714285714e-07,0.0,0.0,0.0,0.0,0.0
34,30,0.0,0.0,0.0,0.0,0.0,0.0
34,31,0.0,0.0,0.0,0.0,0.0,0.0
34,32,2.084791044444443e-06,0.0,0.0,0.0,0.0,0.0
34,33,2.8955548428571416e-06,0.0,0.0,0.0,0.0,0.0
34,34,1.2393354476190467e-06,0.0,0.0,0.0,0.0,0.0
34,35,4.66907324412698e-06,0.0,0.0,0.0,0.0,0.0
34,36,1.1809055958730166e-05,0.0,0.0,0.0,0.0,0.0
34,37,1.0971972958730151e-05,0.0,0.0,0.0,0.0,0.0
34,38,1.0676770844444439e-05,0.0,0.0,0.0,0.0,0.0
34,39,0.0,0.0,0.0,0.0,0.0,0.0
34,40,0.0,0.0,0.0,0.0,0.0,0.0
34,41,8.514566542857136e-06,0.0,0.0,0.0,0.0,0.0
34,42,0.0,0.0,0.0,0.0,0.0,0.0
34,43,0.0,0.0,0.0,0.0,0.0,0.0
34,44,0.0,0.0,0.0,0.0,0.0,0.0
34,45,0.0,0.0,0.0,0.0,0.0,0.0
34,46,0.0,0.0,0.0,0.0,0.0,0.0
34,47,0.0,0.0,0.0,0.0,0.0,0.0
34,48,0.0,0.0,0.0,0.0,0.0,0.0
34,49,0.0,0.0,0.0,0.0,0.0,0.0
35,0,0.0,0.0,0.0,0.0,0.0,0.0
35,1,0.0,0.0,0.0,0.0,0.0,0.0
35,2,0.0,0.0,0.0,0.0,0.0,0.0
35,3,0.0,0.0,0.0,0.0,0.0,0.0
35,4,0.0,0.0,0.0,0.0,0.0,0.0
35,5,0.0,0.0,0.0,0.0,0.0,0.0
35,6,0.0,0.0,0.0,0.0,0.0,0.0
35,7,0.0,0.0,0.0,0.0,0.0,0.0
35,8,1.1217512747619043e-05,0.0,0.0,0.0,0.0,0.0
35,9,7.553291666666659e-06,0.0,0.0,0.0,0.0,0.0
35,10,8.903843371428564e-06,3.8162291001587305e-07,0.0,0.0,0.0,0.0
35,11,2.920173561269841e-06,2.631236620634923e-06,0.0,0.0,4.961991223809527e-06,0.0
35,12,1.504293249365081e-06,0.0,0.0,0.0,0.0,0.0
35,13,1.5301787063492086e-06,0.0,0.0,0.0,0.0,0.0
35,14,9.043773626984132e-06,0.0,0.0,0.0,0.0,0.0
35,15,0.0,0.0,0.0,0.0,0.0,0.0
35,16,0.0,0.0,0.0,0.0,0.0,0.0
35,17,1.1245711155555563e-05,0.0,0.0,0.0,0.0,0.0
35,18,0.0,0.0,0.0,0.0,0.0,0.0
35,19,0.0,0.0,0.0,0.0,0.0,0.0
35,20,0.0,0.0,0.0,0.0,0.0,0.0
35,21,0.0,0.0,0.0,0.0,0.0,0.0
35,22,9.61494609682539e-06,0.0,0.0,0.0,0.0,0.0
35,23,0.0,0.0,0.0,0.0,0.0,0.0
35,24,0.0,0.0,0.0,0.0,0.0,0.0
35,25,0.0,0.0,0.0,0.0,0.0,0.0
35,26,9.888836806349214e-06,0.0,0.0,0.0,0.0,0.0
35,27,1.1309271846031755e-05,0.0,0.0,0.0,0.0,0.0
35,28,0.0,0.0,0.0,0.0,0.0,0.0
35,29,0.0,0.0,0.0,0.0,0.0,0.0
35,30,0.0,1.7130335904761897e-06,0.0,0.0,2.377144403174601e-06,0.0
35,31,7.563541012698414e-06,0.0,0.0,0.0,0.0,0.0
35,32,3.0327347492063503e-06,0.0,0.0,0.0,0.0,0.0
35,33,9.047176525396819e-06,0.0,0.0,0.0,0.0,0.0
35,34,0.0,0.0,0.0,0.0,0.0,0.0
35,35,0.0,0.0,0.0,0.0,0.0,0.0
35,36,1.0006875647619054e-05,0.0,0.0,0.0,0.0,0.0
35,37,0.0,0.0,0.0,0.0,0.0,0.0
35,38,1.081527467777777e-05,0.0,0.0,0.0,0.0,0.0
35,39,0.0,0.0,0.0,0.0,0.0,0.0
35,40,0.0,0.0,0.0,0.0,0.0,0.0
35,41,8.927114915873012e-06,0.0,0.0,0.0,0.0,0.0
35,42,0.0,0.0,0.0,0.0,0.0,0.0
35,43,0.0,0.0,0.0,0.0,0.0,0.0
35,44,0.0,0.0,0.0,0.0,0.0,0.0
35,45,0.0,0.0,0.0,0.0,0.0,0.0
35,46,0.0,0.0,0.0,0.0,0.0,0.0
35,47,0.0,0.0,0.0,0.0,0.0,0.0
35,48,0.0,0.0,0.0,0.0,0.0,2.559119106349202e-07
35,49,0.0,0.0,0.0,0.0,0.0,0.0
36,0,0.0,0.0,0.0,0.0,0.0,0.0
36,1,0.0,0.0,0.0,0.0,0.0,0.0
36,2,0.0,0.0,0.0,0.0,0.0,0.0
36,3,0.0,0.0,0.0,0.0,0.0,0.0
36,4,0.0,0.0,0.0,0.0,0.0,0.0
36,5,0.0,0.0,0.0,0.0,0.0,0.0
36,6,0.0,0.0,0.0,0.0,0.0,0.0
36,7,0.0,0.0,0.0,0.0,0.0,0.0
36,8,1.0372643450793659e-05,0.0,0.0,0.0,0.0,0.0
36,9,1.1104118192063486e-05,0.0,0.0,0.0,0.0,0.0
36,10,4.526284588888882e-07,0.0,0.0,0.0,8.889240374987312e-07,0.0
36,11,0.0,0.0,0.0,0.0,0.0,0.0
36,12,8.865962357142854e-06,0.0,0.0,0.0,0.0,0.0
36,13,9.880350593650789e-06,0.0,0.0,0.0,0.0,0.0
36,14,1.4524305158730169e-06,0.0,0.0,0.0,0.0,0.0
36,15,1.1436920755555549e-05,0.0,0.0,0.0,0.0,0.0
36,16,1.142848083809523e-05,0.0,0.0,0.0,0.0,0.0
36,17,1.2552773347619042e-05,0.0,0.0,0.0,0.0,0.0
36,18,9.508334836507929e-06,0.0,0.0,0.0,0.0,0.0
36,19,0.0,0.0,0.0,0.0,0.0,0.0
36,20,0.0,0.0,0.0,0.0,0.0,0.0
36,21,0.0,0.0,0.0,0.0,0.0,0.0
36,22,1.1281569509523817e-05,0.0,0.0,0.0,0.0,0.0
36,23,1.0074381841269834e-05,0.0,0.0,0.0,0.0,0.0
36,24,1.5731423380952373e-06,0.0,0.0,0.0,0.0,0.0
36,25,9.167204193650802e-06,0.0,0.0,0.0,0.0,0.0
36,26,0.0,0.0,0.0,0.0,0.0,0.0
36,27,1.075672207301587e-05,0.0,0.0,0.0,0.0,0.0
36,28,9.363174223809531e-06,0.0,0.0,0.0,0.0,0.0
36,29,9.005782942857143e-07,0.0,0.0,0.0,0.0,0.0
36,30,0.0,0.0,0.0,0.0,0.0,0.0
36,31,0.0,0.0,0.0,0.0,0.0,0.0
36,32,0.0,0.0,0.0,0.0,0.0,0.0
36,33,1.0906768617460313e-05,0.0,0.0,0.0,0.0,0.0
36,34,4.3345116333333345e-06,0.0,0.0,0.0,0.0,0.0
36,35,1.0284946531746023e-05,0.0,0.0,0.0,0.0,0.0
36,36,5.1113760968254e-06,0.0,0.0,0.0,0.0,0.0
36,37,0.0,0.0,0.0,0.0,0.0,0.0
36,38,1.1119866901587309e-05,0.0,0.0,0.0,0.0,0.0
36,39,1.1668569782539675e-05,0.0,0.0,0.0,0.0,0.0
36,40,9.8812930047619e-06,0.0,0.0,0.0,0.0,0.0
36,41,4.898569607936511e-06,0.0,0.0,0.0,0.0,0.0
36,42,0.0,0.0,0.0,0.0,0.0,0.0
36,43,0.0,0.0,0.0,0.0,0.0,0.0
36,44,0.0,0.0,0.0,0.0,0.0,0.0
36,45,0.0,0.0,0.0,0.0,0.0,0.0
36,46,0.0,0.0,0.0,0.0,0.0,0.0
36,47,0.0,0.0,0.0,0.0,0.0,0.0
36,48,0.0,0.0,0.0,0.0,0.0,0.0
36,49,0.0,0.0,0.0,0.0,0.0,0.0
37,0,0.0,0.0,0.0,0.0,0.0,0.0
37,1,0.0,0.0,0.0,0.0,0.0,0.0
37,2,0.0,0.0,0.0,0.0,0.0,0.0
37,3,0.0,0.0,0.0,0.0,0.0,0.0
37,4,0.0,0.0,0.0,0.0,0.0,0.0
37,5,0.0,0.0,0.0,0.0,0.0,0.0
37,6,0.0,0.0,0.0,0.0,0.0,0.0
37,7,0.0,0.0,0.0,0.0,0.0,0.0
37,8,0.0,0.0,0.0,0.0,0.0,0.0
37,9,1.0497758395238102e-05,0.0,0.0,0.0,0.0,0.0
37,10,0.0,0.0,0.0,0.0,0.0,0.0
37,11,0.0,0.0,0.0,0.0,0.0,0.0
37,12,2.4305939190476203e-06,0.0,0.0,0.0,0.0,0.0
37,13,3.946461065079369e-06,0.0,0.0,0.0,0.0,0.0
37,14,9.980890120634928e-06,0.0,0.0,0.0,0.0,0.0
37,15,1.0774421082539675e-05,0.0,0.0,0.0,0.0,0.0
37,16,0.0,0.0,0.0,0.0,0.0,0.0
37,17,9.851254296825404e-06,0.0,0.0,0.0,0.0,0.0
37,18,0.0,0.0,0.0,0.0,0.0,0.0
37,19,0.0,0.0,0.0,0.0,0.0,0.0
37,20,0.0,0.0,0.0,0.0,0.0,0.0
37,21,4.885733639682536e-06,0.0,0.0,0.0,0.0,0.0
37,22,1.034794120158731e-05,0.0,0.0,0.0,0.0,0.0
37,23,0.0,0.0,0.0,0.0,0.0,0.0
37,24,0.0,0.0,0.0,0.0,0.0,0.0
37,25,0.0,0.0,0.0,0.0,0.0,0.0
37,26,9.863076665079372e-06,0.0,0.0,0.0,0.0,0.0
37,27,6.221125666666673e-07,0.0,0.0,0.0,0.0,0.0
37,28,6.80696525396825e-07,0.0,0.0,0.0,0.0,0.0
37,29,5.064477955555551e-06,1.0759434944538101e-06,0.0,0.0,1.5904268270074406e-06,0.0
37,30,9.998137187301597e-06,0.0,0.0,0.0,0.0,0.0
37,31,0.0,4.492065634920636e-07,0.0,0.0,0.0,0.0
37,32,1.0912574187301592e-05,0.0,0.0,0.0,0.0,0.0
37,33,1.3483801987301592e-05,0.0,0.0,0.0,0.0,0.0
37,34,1.3125998742857148e-05,0.0,0.0,0.0,0.0,0.0
37,35,1.3699555457142852e-05,0.0,0.0,0.0,0.0,0.0
37,36,1.2501676901587294e-05,0.0,0.0,0.0,0.0,0.0
37,37,1.0504246169841262e-05,0.0,0.0,0.0,0.0,0.0
37,38,0.0,1.9672882698412729e-07,0.0,0.0,0.0,0.0
37,39,1.1405099617460324e-05,0.0,0.0,0.0,0.0,0.0
37,40,8.892408269841265e-07,0.0,0.0,0.0,0.0,0.0
37,41,1.0454481779365072e-05,0.0,0.0,0.0,0.0,0.0
37,42,8.857472755555548e-06,0.0,0.0,0.0,0.0,0.0
37,43,0.0,0.0,0.0,0.0,0.0,0.0
37,44,0.0,0.0,0.0,0.0,0.0,0.0
37,45,0.0,0.0,0.0,0.0,0.0,0.0
37,46,0.0,0.0,0.0,0.0,0.0,0.0
37,47,0.0,0.0,0.0,0.0,0.0,0.0
37,48,0.0,0.0,0.0,0.0,0.0,2.675637816507932e-07
37,49,0.0,0.0,0.0,0.0,0.0,0.0
38,0,0.0,0.0,0.0,0.0,0.0,0.0
38,1,0.0,0.0,0.0,0.0,0.0,0.0
38,2,0.0,0.0,0.0,0.0,0.0,0.0
38,3,0.0,0.0,0.0,0.0,0.0,0.0
38,4,0.0,0.0,0.0,0.0,0.0,0.0
38,5,0.0,0.0,0.0,0.0,0.0,0.0
38,6,0.0,0.0,0.0,0.0,0.0,0.0
38,7,0.0,0.0,0.0,0.0,0.0,0.0
38,8,0.0,0.0,0.0,0.0,0.0,0.0
38,9,1.0429929015873024e-05,0.0,0.0,0.0,0.0,0.0
38,10,1.0739958822222214e-05,0.0,0.0,0.0,0.0,0.0
38,11,0.0,0.0,0.0,0.0,0.0,0.0
38,12,9.206492653968247e-06,0.0,0.0,0.0,0.0,0.0
38,13,0.0,0.0,0.0,0.0,0.0,0.0
38,14,0.0,0.0,0.0,0.0,0.0,0.0
38,15,3.618334587301583e-07,0.0,0.0,0.0,0.0,0.0
38,16,8.165966301587295e-06,0.0,0.0,0.0,0.0,0.0
38,17,0.0,0.0,0.0,0.0,0.0,0.0
38,18,6.59115935714285e-07,0.0,0.0,0.0,0.0,0.0
38,19,8.396666157142849e-06,0.0,0.0,0.0,0.0,0.0
38,20,5.333702888888892e-07,0.0,0.0,0.0,0.0,0.0
38,21,0.0,0.0,0.0,0.0,0.0,0.0
38,22,0.0,0.0,0.0,0.0,0.0,0.0
38,23,9.464506939682546e-06,0.0,0.0,0.0,0.0,0.0
38,24,0.0,0.0,0.0,0.0,0.0,0.0
38,25,1.0479065142857138e-05,0.0,0.0,0.0,0.0,0.0
38,26,1.0431992358730152e-05,0.0,0.0,0.0,0.0,0.0
38,27,0.0,0.0,0.0,0.0,0.0,0.0
38,28,9.448530615873022e-06,0.0,0.0,0.0,0.0,0.0
38,29,1.0823893779365083e-05,0.0,0.0,0.0,0.0,0.0
38,30,1.1506007646031753e-05,0.0,0.0,0.0,0.0,0.0
38,31,1.047095789523809e-05,0.0,0.0,0.0,0.0,0.0
38,32,8.963203112698405e-06,0.0,0.0,0.0,0.0,0.0
38,33,1.3441602333333342e-05,0.0,0.0,0.0,0.0,0.0
38,34,1.4106756504761898e-05,0.0,0.0,0.0,0.0,0.0
38,35,1.4327354693650798e-05,0.0,0.0,0.0,0.0,0.0
38,36,1.2958857603174597e-05,0.0,0.0,0.0,0.0,0.0
38,37,0.0,0.0,0.0,0.0,0.0,0.0
38,38,1.0496212411111118e-05,0.0,0.0,0.0,0.0,0.0
38,39,1.1886467253968247e-05,0.0,0.0,0.0,0.0,0.0
38,40,0.0,0.0,0.0,0.0,0.0,0.0
38,41,9.769302126984124e-06,0.0,0.0,0.0,0.0,0.0
38,42,4.349954952380953e-07,0.0,0.0,0.0,0.0,0.0
38,43,1.1028706285714276e-07,0.0,0.0,0.0,0.0,0.0
38,44,0.0,0.0,0.0,0.0,0.0,0.0
38,45,0.0,0.0,0.0,0.0,0.0,0.0
38,46,0.0,0.0,0.0,0.0,0.0,0.0
38,47,0.0,0.0,0.0,0.0,0.0,0.0
38,48,0.0,0.0,0.0,0.0,0.0,0.0
38,49,0.0,0.0,0.0,0.0,0.0,0.0
39,0,0.0,0.0,0.0,0.0,0.0,0.0
39,1,0.0,0.0,0.0,0.0,0.0,0.0
39,2,0.0,0.0,0.0,0.0,0.0,0.0
39,3,0.0,0.0,0.0,0.0,0.0,0.0
39,4,0.0,0.0,0.0,0.0,0.0,0.0
39,5,0.0,0.0,0.0,0.0,0.0,0.0
39,6,0.0,0.0,0.0,0.0,0.0,0.0
39,7,0.0,0.0,0.0,0.0,0.0,0.0
39,8,0.0,0.0,0.0,0.0,0.0,0.0
39,9,5.302029983015877e-06,0.0,0.0,0.0,0.0,0.0
39,10,1.1804506495238102e-05,0.0,0.0,0.0,0.0,0.0
39,11,1.0768206036507944e-05,0.0,0.0,0.0,0.0,0.0
39,12,1.0050886530158737e-05,0.0,0.0,0.0,0.0,0.0
39,13,0.0,0.0,0.0,0.0,0.0,0.0
39,14,0.0,0.0,0.0,0.0,0.0,0.0
39,15,0.0,0.0,0.0,0.0,0.0,0.0
39,16,0.0,0.0,0.0,0.0,0.0,0.0
39,17,0.0,0.0,0.0,0.0,0.0,0.0
39,18,0.0,0.0,0.0,0.0,0.0,0.0
39,19,8.457377807936498e-06,0.0,0.0,0.0,0.0,0.0
39,20,0.0,0.0,0.0,0.0,0.0,0.0
39,21,0.0,0.0,0.0,0.0,0.0,0.0
39,22,3.8091731746031736e-07,0.0,0.0,0.0,0.0,0.0
39,23,1.0124161819047626e-05,0.0,0.0,0.0,0.0,0.0
39,24,4.531845319047623e-06,0.0,0.0,0.0,0.0,0.0
39,25,9.730663969841263e-06,0.0,0.0,0.0,0.0,0.0
39,26,4.756072577777781e-06,0.0,0.0,0.0,0.0,0.0
39,27,0.0,0.0,0.0,0.0,0.0,0.0
39,28,0.0,0.0,0.0,0.0,0.0,0.0
39,29,0.0,0.0,0.0,0.0,0.0,0.0
39,30,0.0,0.0,0.0,0.0,0.0,0.0
39,31,0.0,0.0,0.0,0.0,0.0,0.0
39,32,0.0,0.0,0.0,0.0,0.0,0.0
39,33,1.1077130430158735e-05,0.0,0.0,0.0,0.0,0.0
39,34,1.1474424009523802e-05,0.0,0.0,0.0,0.0,0.0
39,35,1.362009666349207e-05,0.0,0.0,0.0,0.0,0.0
39,36,1.233984774285715e-05,0.0,0.0,0.0,0.0,0.0
39,37,1.0208095763492056e-05,0.0,0.0,0.0,0.0,0.0
39,38,0.0,0.0,0.0,0.0,0.0,0.0
39,39,1.0792387492063495e-05,0.0,0.0,0.0,0.0,0.0
39,40,1.0603478477777773e-05,0.0,0.0,0.0,0.0,0.0
39,41,0.0,0.0,0.0,0.0,0.0,0.0
39,42,7.816543179365086e-06,0.0,0.0,0.0,0.0,0.0
39,43,0.0,0.0,0.0,0.0,0.0,0.0
39,44,0.0,0.0,0.0,0.0,0.0,0.0
39,45,0.0,0.0,0.0,0.0,0.0,0.0
39,46,0.0,0.0,0.0,0.0,0.0,0.0
39,47,0.0,0.0,0.0,0.0,0.0,0.0
39,48,0.0,0.0,0.0,0.0,0.0,0.0
39,49,0.0,0.0,0.0,0.0,0.0,0.0
40,0,0.0,0.0,0.0,0.0,0.0,0.0
40,1,0.0,0.0,0.0,0.0,0.0,0.0
40,2,0.0,0.0,0.0,0.0,0.0,0.0
40,3,0.0,0.0,0.0,0.0,0.0,0.0
40,4,0.0,0.0,0.0,0.0,0.0,0.0
40,5,0.0,0.0,0.0,0.0,0.0,0.0
40,6,1.196906015873015e-07,0.0,0.0,0.0,0.0,0.0
40,7,8.555825292063484e-06,0.0,0.0,0.0,0.0,0.0
40,8,0.0,0.0,0.0,0.0,0.0,0.0
40,9,1.0462203396825389e-05,0.0,0.0,0.0,0.0,0.0
40,10,1.0833380896825388e-05,0.0,0.0,0.0,0.0,0.0
40,11,4.469122276507933e-06,0.0,0.0,0.0,0.0,0.0
40,12,0.0,0.0,0.0,0.0,0.0,0.0
40,13,0.0,0.0,0.0,0.0,0.0,0.0
40,14,0.0,0.0,0.0,0.0,0.0,0.0
40,15,0.0,0.0,0.0,0.0,0.0,0.0
40,16,0.0,0.0,0.0,0.0,0.0,0.0
40,17,0.0,0.0,0.0,0.0,0.0,0.0
40,18,0.0,0.0,0.0,0.0,0.0,0.0
40,19,0.0,0.0,0.0,0.0,0.0,0.0
40,20,0.0,0.0,0.0,0.0,0.0,0.0
40,21,0.0,0.0,0.0,0.0,0.0,0.0
40,22,0.0,0.0,0.0,0.0,0.0,0.0
40,23,7.2308121285714205e-06,0.0,0.0,0.0,0.0,0.0
40,24,9.324552941269848e-06,0.0,0.0,0.0,0.0,0.0
40,25,0.0,0.0,0.0,0.0,0.0,0.0
40,26,8.426622974603184e-06,0.0,0.0,0.0,0.0,0.0
40,27,4.1913967323809495e-06,0.0,0.0,0.0,0.0,0.0
40,28,8.295281501587295e-06,0.0,0.0,0.0,0.0,0.0
40,29,0.0,0.0,0.0,0.0,0.0,0.0
40,30,8.172028673015875e-06,0.0,0.0,0.0,0.0,0.0
40,31,0.0,0.0,0.0,0.0,0.0,0.0
40,32,1.2880489906349217e-06,0.0,0.0,0.0,0.0,0.0
40,33,2.145177712698414e-06,0.0,0.0,0.0,0.0,0.0
40,34,0.0,0.0,0.0,0.0,0.0,0.0
40,35,1.090586898571428e-05,0.0,0.0,0.0,0.0,0.0
40,36,0.0,0.0,0.0,0.0,0.0,0.0
40,37,0.0,0.0,0.0,0.0,0.0,0.0
40,38,0.0,0.0,0.0,0.0,0.0,0.0
40,39,0.0,0.0,0.0,0.0,0.0,0.0
40,40,8.90336427142857e-06,0.0,0.0,0.0,0.0,0.0
40,41,0.0,0.0,0.0,0.0,0.0,0.0
40,42,0.0,0.0,0.0,0.0,0.0,0.0
40,43,0.0,0.0,0.0,0.0,0.0,0.0
40,44,0.0,0.0,0.0,0.0,0.0,0.0
40,45,0.0,0.0,0.0,0.0,0.0,0.0
40,46,0.0,0.0,0.0,0.0,0.0,0.0
40,47,0.0,0.0,0.0,0.0,0.0,0.0
40,48,0.0,0.0,0.0,0.0,0.0,0.0
40,49,0.0,0.0,0.0,0.0,0.0,0.0
41,0,0.0,0.0,0.0,0.0,0.0,0.0
41,1,0.0,0.0,0.0,0.0,0.0,0.0
41,2,0.0,0.0,0.0,0.0,0.0,0.0
41,3,0.0,0.0,0.0,0.0,0.0,0.0
41,4,0.0,0.0,0.0,0.0,0.0,0.0
41,5,0.0,0.0,0.0,0.0,0.0,0.0
41,6,0.0,0.0,0.0,0.0,0.0,0.0
41,7,9.344204349206357e-06,0.0,0.0,0.0,0.0,0.0
41,8,0.0,0.0,0.0,0.0,0.0,0.0
41,9,9.39232154444445e-06,0.0,0.0,0.0,0.0,0.0
41,10,4.609515717460314e-06,0.0,0.0,0.0,0.0,0.0
41,11,4.1556461946031715e-06,0.0,0.0,0.0,0.0,0.0
41,12,9.161174069841273e-06,0.0,0.0,0.0,0.0,0.0
41,13,9.643254831746034e-06,0.0,0.0,0.0,0.0,0.0
41,14,9.073625415873022e-06,0.0,0.0,0.0,0.0,0.0
41,15,4.7998690150793606e-06,0.0,0.0,0.0,0.0,0.0
41,16,9.478003671428575e-06,0.0,0.0,0.0,0.0,0.0
41,17,0.0,0.0,0.0,0.0,0.0,0.0
41,18,0.0,0.0,0.0,0.0,0.0,0.0
41,19,1.041327625873015e-05,0.0,0.0,0.0,0.0,0.0
41,20,9.86706966825396e-06,0.0,0.0,0.0,0.0,0.0
41,21,0.0,0.0,0.0,0.0,0.0,0.0
41,22,0.0,0.0,0.0,0.0,0.0,0.0
41,23,0.0,0.0,0.0,0.0,0.0,0.0
41,24,0.0,0.0,0.0,0.0,0.0,0.0
41,25,0.0,0.0,0.0,0.0,0.0,0.0
41,26,0.0,0.0,0.0,0.0,0.0,0.0
41,27,7.897614450793654e-06,0.0,0.0,0.0,0.0,0.0
41,28,0.0,0.0,0.0,0.0,0.0,0.0
41,29,3.702431493650796e-06,0.0,0.0,0.0,0.0,0.0
41,30,2.5824929320634907e-06,0.0,0.0,0.0,0.0,0.0
41,31,9.66612406349205e-07,0.0,0.0,0.0,5.111589106349252e-07,0.0
41,32,8.798715334920631e-06,0.0,0.0,0.0,0.0,0.0
41,33,8.804559288888894e-06,0.0,0.0,0.0,0.0,0.0
41,34,0.0,0.0,0.0,0.0,0.0,0.0
41,35,9.411102465079372e-06,0.0,0.0,0.0,0.0,0.0
41,36,0.0,0.0,0.0,0.0,0.0,0.0
41,37,1.0306527349206357e-05,0.0,0.0,0.0,0.0,0.0
41,38,8.868630950793657e-06,0.0,0.0,0.0,0.0,0.0
41,39,0.0,0.0,0.0,0.0,0.0,0.0
41,40,0.0,0.0,0.0,0.0,0.0,0.0
41,41,0.0,0.0,0.0,0.0,0.0,0.0
41,42,0.0,0.0,0.0,0.0,0.0,0.0
41,43,0.0,0.0,0.0,0.0,0.0,0.0
41,44,0.0,0.0,0.0,0.0,0.0,0.0
41,45,0.0,0.0,0.0,0.0,0.0,0.0
41,46,0.0,0.0,0.0,0.0,0.0,0.0
41,47,0.0,0.0,0.0,0.0,0.0,0.0
41,48,0.0,0.0,0.0,0.0,0.0,0.0
41,49,0.0,0.0,0.0,0.0,0.0,0.0
42,0,0.0,0.0,0.0,0.0,0.0,0.0
42,1,0.0,0.0,0.0,0.0,0.0,0.0
42,2,0.0,0.0,0.0,0.0,0.0,0.0
42,3,0.0,0.0,0.0,0.0,0.0,0.0
42,4,0.0,0.0,0.0,0.0,0.0,0.0
42,5,0.0,0.0,0.0,0.0,0.0,0.0
42,6,0.0,0.0,0.0,0.0,0.0,0.0
42,7,3.503546477777776e-06,0.0,0.0,0.0,0.0,0.0
42,8,0.0,0.0,0.0,0.0,0.0,0.0
42,9,0.0,0.0,0.0,0.0,0.0,0.0
42,10,8.868551684126991e-06,0.0,0.0,0.0,0.0,0.0
42,11,8.736843828571424e-06,0.0,0.0,0.0,0.0,0.0
42,12,0.0,0.0,0.0,0.0,0.0,0.0
42,13,0.0,0.0,0.0,0.0,0.0,0.0
42,14,0.0,0.0,0.0,0.0,0.0,0.0
42,15,9.00205866825396e-06,0.0,0.0,0.0,0.0,0.0
42,16,7.260547655555564e-06,0.0,0.0,0.0,0.0,0.0
42,17,0.0,0.0,0.0,0.0,0.0,0.0
42,18,9.2214489920635e-06,0.0,0.0,0.0,0.0,0.0
42,19,1.1009234620634924e-05,0.0,0.0,0.0,0.0,0.0
42,20,9.90106473333334e-06,0.0,0.0,0.0,0.0,0.0
42,21,0.0,0.0,0.0,0.0,0.0,0.0
42,22,0.0,0.0,0.0,0.0,0.0,0.0
42,23,7.349438425396824e-06,0.0,0.0,0.0,0.0,0.0
42,24,0.0,0.0,0.0,0.0,0.0,0.0
42,25,7.282090114285717e-06,0.0,0.0,0.0,0.0,0.0
42,26,0.0,0.0,0.0,0.0,0.0,0.0
42,27,0.0,0.0,0.0,0.0,0.0,0.0
42,28,0.0,0.0,0.0,0.0,0.0,0.0
42,29,0.0,0.0,0.0,0.0,0.0,0.0
42,30,8.691097322222228e-06,0.0,0.0,0.0,0.0,0.0
42,31,8.647613669841268e-06,0.0,0.0,0.0,0.0,0.0
42,32,0.0,0.0,0.0,0.0,0.0,0.0
42,33,0.0,0.0,0.0,0.0,0.0,0.0
42,34,0.0,0.0,0.0,0.0,0.0,0.0
42,35,0.0,0.0,0.0,0.0,0.0,0.0
42,36,9.017676223809516e-06,0.0,0.0,0.0,0.0,0.0
42,37,9.799637538095245e-06,0.0,0.0,0.0,0.0,0.0
42,38,0.0,0.0,0.0,0.0,0.0,0.0
42,39,0.0,0.0,0.0,0.0,0.0,0.0
42,40,0.0,0.0,0.0,0.0,0.0,0.0
42,41,8.149064173015881e-06,0.0,0.0,0.0,0.0,0.0
42,42,8.07246346825396e-06,0.0,0.0,0.0,0.0,0.0
42,43,0.0,0.0,0.0,0.0,0.0,0.0
42,44,0.0,0.0,0.0,0.0,0.0,0.0
42,45,0.0,0.0,0.0,0.0,0.0,0.0
42,46,0.0,0.0,0.0,0.0,0.0,0.0
42,47,0.0,0.0,0.0,0.0,0.0,0.0
42,48,0.0,0.0,0.0,0.0,0.0,0.0
42,49,0.0,0.0,0.0,0.0,0.0,0.0
43,0,0.0,0.0,0.0,0.0,0.0,0.0
43,1,0.0,0.0,0.0,0.0,0.0,0.0
43,2,0.0,0.0,0.0,0.0,0.0,0.0
43,3,0.0,0.0,0.0,0.0,0.0,0.0
43,4,0.0,0.0,0.0,0.0,0.0,0.0
43,5,0.0,0.0,0.0,0.0,0.0,0.0
43,6,0.0,0.0,0.0,0.0,0.0,0.0
43,7,0.0,0.0,0.0,0.0,0.0,0.0
43,8,0.0,0.0,0.0,0.0,0.0,0.0
43,9,0.0,0.0,0.0,0.0,0.0,0.0
43,10,0.0,0.0,0.0,0.0,0.0,0.0
43,11,0.0,0.0,0.0,0.0,0.0,0.0
43,12,0.0,0.0,0.0,0.0,0.0,0.0
43,13,0.0,0.0,0.0,0.0,0.0,0.0
43,14,0.0,0.0,0.0,0.0,0.0,0.0
43,15,0.0,0.0,0.0,0.0,0.0,0.0
43,16,0.0,0.0,0.0,0.0,0.0,0.0
43,17,0.0,0.0,0.0,0.0,0.0,0.0
43,18,0.0,0.0,0.0,0.0,0.0,0.0
43,19,0.0,0.0,0.0,0.0,0.0,0.0
43,20,0.0,0.0,0.0,0.0,0.0,0.0
43,21,0.0,0.0,0.0,0.0,0.0,0.0
43,22,0.0,0.0,0.0,0.0,0.0,0.0
43,23,0.0,0.0,0.0,0.0,0.0,0.0
43,24,0.0,0.0,0.0,0.0,0.0,0.0
43,25,0.0,0.0,0.0,0.0,0.0,0.0
43,26,0.0,0.0,0.0,0.0,0.0,0.0
43,27,0.0,0.0,0.0,0.0,0.0,1.3618745180366951e-07
43,28,0.0,0.0,0.0,0.0,0.0,0.0
43,29,0.0,0.0,0.0,0.0,0.0,0.0
43,30,0.0,0.0,0.0,0.0,0.0,0.0
43,31,0.0,0.0,0.0,0.0,0.0,0.0
43,32,0.0,0.0,0.0,0.0,0.0,0.0
43,33,0.0,0.0,0.0,0.0,0.0,0.0
43,34,0.0,0.0,0.0,0.0,0.0,0.0
43,35,0.0,0.0,0.0,0.0,0.0,0.0
43,36,0.0,0.0,0.0,0.0,0.0,0.0
43,37,0.0,0.0,0.0,0.0,0.0,0.0
43,38,0.0,0.0,0.0,0.0,0.0,0.0
43,39,0.0,0.0,0.0,0.0,0.0,0.0
43,40,0.0,0.0,0.0,0.0,0.0,0.0
43,41,0.0,0.0,0.0,0.0,0.0,4.3142951993651e-08
43,42,0.0,0.0,0.0,0.0,0.0,0.0
43,43,0.0,0.0,0.0,0.0,0.0,0.0
43,44,0.0,0.0,0.0,0.0,0.0,0.0
43,45,0.0,0.0,0.0,0.0,0.0,0.0
43,46,0.0,0.0,0.0,0.0,0.0,0.0
43,47,0.0,0.0,0.0,0.0,0.0,0.0
43,48,0.0,0.0,0.0,0.0,0.0,0.0
43,49,0.0,0.0,0.0,0.0,0.0,0.0
44,0,0.0,0.0,0.0,0.0,0.0,0.0
44,1,0.0,0.0,0.0,0.0,0.0,0.0
44,2,0.0,0.0,0.0,0.0,0.0,0.0
44,3,0.0,0.0,0.0,0.0,0.0,0.0
44,4,0.0,0.0,0.0,0.0,0.0,0.0
44,5,0.0,0.0,0.0,0.0,0.0,0.0
44,6,0.0,0.0,0.0,0.0,0.0,0.0
44,7,0.0,0.0,0.0,0.0,0.0,2.815140579682541e-07
44,8,0.0,0.0,0.0,0.0,0.0,0.0
44,9,0.0,0.0,0.0,0.0,0.0,0.0
44,10,0.0,0.0,0.0,0.0,0.0,0.0
44,11,0.0,0.0,0.0,0.0,0.0,0.0
44,12,0.0,0.0,0.0,0.0,0.0,0.0
44,13,0.0,0.0,0.0,0.0,0.0,0.0
44,14,0.0,0.0,0.0,0.0,0.0,0.0
44,15,0.0,0.0,0.0,0.0,0.0,0.0
44,16,0.0,0.0,0.0,0.0,0.0,0.0
44,17,0.0,0.0,0.0,0.0,0.0,0.0
44,18,0.0,0.0,0.0,0.0,0.0,0.0
44,19,0.0,0.0,0.0,0.0,0.0,0.0
44,20,0.0,0.0,0.0,0.0,0.0,0.0
44,21,0.0,0.0,0.0,0.0,0.0,0.0
44,22,0.0,0.0,0.0,0.0,0.0,0.0
44,23,0.0,0.0,0.0,0.0,0.0,0.0
44,24,0.0,0.0,0.0,0.0,0.0,0.0
44,25,0.0,0.0,0.0,0.0,0.0,0.0
44,26,0.0,0.0,0.0,0.0,0.0,0.0
44,27,0.0,0.0,0.0,0.0,0.0,0.0
44,28,0.0,0.0,0.0,0.0,0.0,0.0
44,29,0.0,0.0,0.0,0.0,0.0,0.0
44,30,0.0,0.0,0.0,0.0,0.0,0.0
44,31,0.0,0.0,0.0,0.0,0.0,0.0
44,32,0.0,0.0,0.0,0.0,0.0,0.0
44,33,0.0,0.0,0.0,0.0,0.0,0.0
44,34,0.0,0.0,0.0,0.0,0.0,0.0
44,35,0.0,0.0,0.0,0.0,0.0,0.0
44,36,0.0,0.0,0.0,0.0,0.0,0.0
44,37,0.0,0.0,0.0,0.0,0.0,0.0
44,38,0.0,0.0,0.0,0.0,0.0,0.0
44,39,0.0,0.0,0.0,0.0,0.0,0.0
44,40,0.0,0.0,0.0,0.0,0.0,0.0
44,41,0.0,0.0,0.0,0.0,0.0,0.0
44,42,0.0,0.0,0.0,0.0,0.0,0.0
44,43,0.0,0.0,0.0,0.0,0.0,0.0
44,44,0.0,0.0,0.0,0.0,0.0,0.0
44,45,0.0,0.0,0.0,0.0,0.0,0.0
44,46,0.0,0.0,0.0,0.0,0.0,0.0
44,47,0.0,0.0,0.0,0.0,0.0,0.0
44,48,0.0,0.0,0.0,0.0,0.0,0.0
44,49,0.0,0.0,0.0,0.0,0.0,0.0
45,0,0.0,0.0,0.0,0.0,0.0,0.0
45,1,0.0,0.0,0.0,0.0,0.0,0.0
45,2,0.0,0.0,0.0,0.0,0.0,0.0
45,3,0.0,0.0,0.0,0.0,0.0,0.0
45,4,0.0,0.0,0.0,0.0,0.0,0.0
45,5,0.0,0.0,0.0,0.0,0.0,0.0
45,6,0.0,0.0,0.0,0.0,0.0,0.0
45,7,0.0,0.0,0.0,0.0,0.0,0.0
45,8,0.0,0.0,0.0,0.0,0.0,0.0
45,9,0.0,0.0,0.0,0.0,0.0,0.0
45,10,0.0,0.0,0.0,0.0,0.0,0.0
45,11,0.0,0.0,0.0,0.0,0.0,0.0
45,12,0.0,0.0,0.0,0.0,0.0,0.0
45,13,0.0,0.0,0.0,0.0,0.0,0.0
45,14,0.0,0.0,0.0,0.0,0.0,0.0
45,15,0.0,0.0,0.0,0.0,0.0,0.0
45,16,0.0,0.0,0.0,0.0,0.0,0.0
45,17,0.0,0.0,0.0,0.0,0.0,0.0
45,18,0.0,0.0,0.0,0.0,0.0,0.0
45,19,0.0,0.0,0.0,0.0,0.0,0.0
45,20,0.0,0.0,0.0,0.0,0.0,0.0
45,21,0.0,0.0,0.0,0.0,0.0,0.0
45,22,0.0,0.0,0.0,0.0,0.0,0.0
45,23,0.0,0.0,0.0,0.0,0.0,0.0
45,24,0.0,0.0,0.0,0.0,0.0,0.0
45,25,0.0,0.0,0.0,0.0,0.0,0.0
45,26,0.0,0.0,0.0,0.0,0.0,0.0
45,27,0.0,0.0,0.0,0.0,0.0,0.0
45,28,0.0,0.0,0.0,0.0,0.0,0.0
45,29,0.0,0.0,0.0,0.0,0.0,0.0
45,30,0.0,0.0,0.0,0.0,0.0,0.0
45,31,0.0,0.0,0.0,0.0,0.0,0.0
45,32,0.0,0.0,0.0,0.0,0.0,0.0
45,33,0.0,0.0,0.0,0.0,0.0,0.0
45,34,0.0,0.0,0.0,0.0,0.0,0.0
45,35,0.0,0.0,0.0,0.0,0.0,0.0
45,36,0.0,0.0,0.0,0.0,0.0,0.0
45,37,0.0,0.0,0.0,0.0,0.0,0.0
45,38,0.0,0.0,0.0,0.0,0.0,0.0
45,39,0.0,0.0,0.0,0.0,0.0,0.0
45,40,0.0,0.0,0.0,0.0,0.0,0.0
45,41,0.0,0.0,0.0,0.0,0.0,0.0
45,42,0.0,0.0,0.0,0.0,0.0,0.0
45,43,0.0,0.0,0.0,0.0,0.0,0.0
45,44,0.0,0.0,0.0,0.0,0.0,2.039873584317461e-07
45,45,0.0,0.0,0.0,0.0,0.0,0.0
45,46,0.0,0.0,0.0,0.0,0.0,0.0
45,47,0.0,0.0,0.0,0.0,0.0,0.0
45,48,0.0,0.0,0.0,0.0,0.0,0.0
45,49,0.0,0.0,0.0,0.0,0.0,0.0
46,0,0.0,0.0,0.0,0.0,0.0,0.0
46,1,0.0,0.0,0.0,0.0,0.0,0.0
46,2,0.0,0.0,0.0,0.0,0.0,0.0
46,3,0.0,0.0,0.0,0.0,0.0,0.0
46,4,0.0,0.0,0.0,0.0,0.0,0.0
46,5,0.0,0.0,0.0,0.0,0.0,0.0
46,6,0.0,0.0,0.0,0.0,0.0,0.0
46,7,0.0,0.0,0.0,0.0,0.0,0.0
46,8,0.0,0.0,0.0,0.0,0.0,0.0
46,9,0.0,0.0,0.0,0.0,0.0,0.0
46,10,0.0,0.0,0.0,0.0,0.0,0.0
46,11,0.0,0.0,0.0,0.0,0.0,0.0
46,12,0.0,0.0,0.0,0.0,0.0,0.0
46,13,0.0,0.0,0.0,0.0,0.0,0.0
46,14,0.0,0.0,0.0,0.0,0.0,0.0
46,15,0.0,0.0,0.0,0.0,0.0,0.0
46,16,0.0,0.0,0.0,0.0,0.0,0.0
46,17,0.0,0.0,0.0,0.0,0.0,0.0
46,18,0.0,0.0,0.0,0.0,0.0,0.0
46,19,0.0,0.0,0.0,0.0,0.0,0.0
46,20,0.0,0.0,0.0,0.0,0.0,0.0
46,21,0.0,0.0,0.0,0.0,0.0,0.0
46,22,0.0,0.0,0.0,0.0,0.0,0.0
46,23,0.0,0.0,0.0,0.0,0.0,0.0
46,24,0.0,0.0,0.0,0.0,0.0,0.0
46,25,0.0,0.0,0.0,0.0,0.0,0.0
46,26,0.0,0.0,0.0,0.0,0.0,0.0
46,27,0.0,0.0,0.0,0.0,0.0,0.0
46,28,0.0,0.0,0.0,0.0,0.0,0.0
46,29,0.0,0.0,0.0,0.0,0.0,0.0
46,30,0.0,0.0,0.0,0.0,0.0,0.0
46,31,0.0,0.0,0.0,0.0,0.0,0.0
46,32,0.0,0.0,0.0,0.0,0.0,0.0
46,33,0.0,0.0,0.0,0.0,0.0,0.0
46,34,0.0,0.0,0.0,0.0,0.0,1.7397055386377755e-07
46,35,0.0,0.0,0.0,0.0,0.0,0.0
46,36,0.0,0.0,0.0,0.0,0.0,0.0
46,37,0.0,0.0,0.0,0.0,0.0,0.0
46,38,0.0,0.0,0.0,0.0,0.0,0.0
46,39,0.0,0.0,0.0,0.0,0.0,0.0
46,40,0.0,0.0,0.0,0.0,0.0,0.0
46,41,0.0,0.0,0.0,0.0,0.0,0.0
46,42,0.0,0.0,0.0,0.0,0.0,2.921630988888882e-07
46,43,0.0,0.0,0.0,0.0,0.0,0.0
46,44,0.0,0.0,0.0,0.0,0.0,0.0
46,45,0.0,0.0,0.0,0.0,0.0,0.0
46,46,0.0,0.0,0.0,0.0,0.0,0.0
46,47,0.0,0.0,0.0,0.0,0.0,0.0
46,48,0.0,0.0,0.0,0.0,0.0,0.0
46,49,0.0,0.0,0.0,0.0,0.0,0.0
47,0,0.0,0.0,0.0,0.0,0.0,0.0
47,1,0.0,0.0,0.0,0.0,0.0,0.0
47,2,0.0,0.0,0.0,0.0,0.0,0.0
47,3,0.0,0.0,0.0,0.0,0.0,0.0
47,4,0.0,0.0,0.0,0.0,0.0,0.0
47,5,0.0,0.0,0.0,0.0,0.0,6.613033151031744e-07
47,6,0.0,0.0,0.0,0.0,0.0,0.0
47,7,0.0,0.0,0.0,0.0,0.0,0.0
47,8,0.0,0.0,0.0,0.0,0.0,0.0
47,9,0.0,0.0,0.0,0.0,0.0,0.0
47,10,0.0,0.0,0.0,0.0,0.0,0.0
47,11,0.0,0.0,0.0,0.0,0.0,0.0
47,12,0.0,0.0,0.0,0.0,0.0,0.0
47,13,0.0,0.0,0.0,0.0,0.0,0.0
47,14,0.0,0.0,0.0,0.0,0.0,0.0
47,15,0.0,0.0,0.0,0.0,0.0,0.0
47,16,0.0,0.0,0.0,0.0,0.0,0.0
47,17,0.0,0.0,0.0,0.0,0.0,0.0
47,18,0.0,0.0,0.0,0.0,0.0,0.0
47,19,0.0,0.0,0.0,0.0,0.0,0.0
47,20,0.0,0.0,0.0,0.0,0.0,0.0
47,21,0.0,0.0,0.0,0.0,0.0,0.0
47,22,0.0,0.0,0.0,0.0,0.0,0.0
47,23,0.0,0.0,0.0,0.0,0.0,0.0
47,24,0.0,0.0,0.0,0.0,0.0,0.0
47,25,0.0,0.0,0.0,0.0,0.0,2.3022720625238103e-07
47,26,0.0,0.0,0.0,0.0,0.0,0.0
47,27,0.0,0.0,0.0,0.0,0.0,0.0
47,28,0.0,0.0,0.0,0.0,0.0,0.0
47,29,0.0,0.0,0.0,0.0,0.0,0.0
47,30,0.0,0.0,0.0,0.0,0.0,0.0
47,31,0.0,0.0,0.0,0.0,0.0,0.0
47,32,0.0,0.0,0.0,0.0,0.0,0.0
47,33,0.0,0.0,0.0,0.0,0.0,0.0
47,34,0.0,0.0,0.0,0.0,0.0,0.0
47,35,0.0,0.0,0.0,0.0,0.0,0.0
47,36,0.0,0.0,0.0,0.0,0.0,0.0
47,37,0.0,0.0,0.0,0.0,0.0,0.0
47,38,0.0,0.0,0.0,0.0,0.0,0.0
47,39,0.0,0.0,0.0,0.0,0.0,0.0
47,40,0.0,0.0,0.0,0.0,0.0,0.0
47,41,0.0,0.0,0.0,0.0,0.0,0.0
47,42,0.0,0.0,0.0,0.0,0.0,2.96841108910095e-07
47,43,0.0,0.0,0.0,0.0,0.0,0.0
47,44,0.0,0.0,0.0,0.0,0.0,0.0
47,45,0.0,0.0,0.0,0.0,0.0,0.0
47,46,0.0,0.0,0.0,0.0,0.0,0.0
47,47,0.0,0.0,0.0,0.0,0.0,0.0
47,48,0.0,0.0,0.0,0.0,0.0,0.0
47,49,0.0,0.0,0.0,0.0,0.0,0.0
48,0,0.0,0.0,0.0,0.0,0.0,0.0
48,1,0.0,0.0,0.0,0.0,0.0,0.0
48,2,0.0,0.0,0.0,0.0,0.0,0.0
48,3,0.0,0.0,0.0,0.0,0.0,0.0
48,4,0.0,0.0,0.0,0.0,0.0,0.0
48,5,0.0,0.0,0.0,0.0,0.0,0.0
48,6,0.0,0.0,0.0,0.0,0.0,0.0
48,7,0.0,0.0,0.0,0.0,0.0,0.0
48,8,0.0,0.0,0.0,0.0,0.0,0.0
48,9,0.0,0.0,0.0,0.0,0.0,0.0
48,10,0.0,0.0,0.0,0.0,0.0,0.0
48,11,0.0,0.0,0.0,0.0,0.0,0.0
48,12,0.0,0.0,0.0,0.0,0.0,0.0
48,13,0.0,0.0,0.0,0.0,0.0,0.0
48,14,0.0,0.0,0.0,0.0,0.0,0.0
48,15,0.0,0.0,0.0,0.0,0.0,0.0
48,16,0.0,0.0,0.0,0.0,0.0,0.0
48,17,0.0,0.0,0.0,0.0,0.0,0.0
48,18,0.0,0.0,0.0,0.0,0.0,0.0
48,19,0.0,0.0,0.0,0.0,0.0,0.0
48,20,0.0,0.0,0.0,0.0,0.0,0.0
48,21,0.0,0.0,0.0,0.0,0.0,0.0
48,22,0.0,0.0,0.0,0.0,0.0,0.0
48,23,0.0,0.0,0.0,0.0,0.0,0.0
48,24,0.0,0.0,0.0,0.0,0.0,0.0
48,25,0.0,0.0,0.0,0.0,0.0,0.0
48,26,0.0,0.0,0.0,0.0,0.0,0.0
48,27,0.0,0.0,0.0,0.0,0.0,0.0
48,28,0.0,0.0,0.0,0.0,0.0,0.0
48,29,0.0,0.0,0.0,0.0,0.0,0.0
48,30,0.0,0.0,0.0,0.0,0.0,0.0
48,31,0.0,0.0,0.0,0.0,0.0,0.0
48,32,0.0,0.0,0.0,0.0,0.0,0.0
48,33,0.0,0.0,0.0,0.0,0.0,3.0081464444444413e-07
48,34,0.0,0.0,0.0,0.0,0.0,0.0
48,35,0.0,0.0,0.0,0.0,0.0,0.0
48,36,0.0,0.0,0.0,0.0,0.0,2.1531419053968312e-07
48,37,0.0,0.0,0.0,0.0,0.0,0.0
48,38,0.0,0.0,0.0,0.0,0.0,0.0
48,39,0.0,0.0,0.0,0.0,0.0,0.0
48,40,0.0,0.0,0.0,0.0,0.0,0.0
48,41,0.0,0.0,0.0,0.0,0.0,0.0
48,42,0.0,0.0,0.0,0.0,0.0,0.0
48,43,0.0,0.0,0.0,0.0,0.0,0.0
48,44,0.0,0.0,0.0,0.0,0.0,0.0
48,45,0.0,0.0,0.0,0.0,0.0,0.0
48,46,0.0,0.0,0.0,0.0,0.0,0.0
48,47,0.0,0.0,0.0,0.0,0.0,0.0
48,48,0.0,0.0,0.0,0.0,0.0,0.0
48,49,0.0,0.0,0.0,0.0,0.0,0.0
49,0,0.0,0.0,0.0,0.0,0.0,0.0
49,1,0.0,0.0,0.0,0.0,0.0,0.0
49,2,0.0,0.0,0.0,0.0,0.0,0.0
49,3,0.0,0.0,0.0,0.0,0.0,0.0
49,4,0.0,0.0,0.0,0.0,0.0,0.0
49,5,0.0,0.0,0.0,0.0,0.0,0.0
49,6,0.0,0.0,0.0,0.0,0.0,0.0
49,7,0.0,0.0,0.0,0.0,0.0,5.39668727619048e-07
49,8,0.0,0.0,0.0,0.0,0.0,0.0
49,9,0.0,0.0,0.0,0.0,0.0,0.0
49,10,0.0,0.0,0.0,0.0,0.0,0.0
49,11,0.0,0.0,0.0,0.0,0.0,0.0
49,12,0.0,0.0,0.0,0.0,0.0,0.0
49,13,0.0,0.0,0.0,0.0,0.0,0.0
49,14,0.0,0.0,0.0,0.0,0.0,0.0
49,15,0.0,0.0,0.0,0.0,0.0,0.0
49,16,0.0,0.0,0.0,0.0,0.0,0.0
49,17,0.0,0.0,0.0,0.0,0.0,0.0
49,18,0.0,0.0,0.0,0.0,0.0,0.0
49,19,0.0,0.0,0.0,0.0,0.0,0.0
49,20,0.0,0.0,0.0,0.0,0.0,0.0
49,21,0.0,0.0,0.0,0.0,0.0,0.0
49,22,0.0,0.0,0.0,0.0,0.0,0.0
49,23,0.0,0.0,0.0,0.0,0.0,0.0
49,24,0.0,0.0,0.0,0.0,0.0,0.0
49,25,0.0,0.0,0.0,0.0,0.0,0.0
49,26,0.0,0.0,0.0,0.0,0.0,0.0
49,27,0.0,0.0,0.0,0.0,0.0,0.0
49,28,0.0,0.0,0.0,0.0,0.0,0.0
49,29,0.0,0.0,0.0,0.0,0.0,0.0
49,30,0.0,0.0,0.0,0.0,0.0,0.0
49,31,0.0,0.0,0.0,0.0,0.0,0.0
49,32,0.0,0.0,0.0,0.0,0.0,0.0
49,33,0.0,0.0,0.0,0.0,0.0,0.0
49,34,0.0,0.0,0.0,0.0,0.0,0.0
49,35,0.0,0.0,0.0,0.0,0.0,0.0
49,36,0.0,0.0,0.0,0.0,0.0,0.0
49,37,0.0,0.0,0.0,0.0,0.0,0.0
49,38,0.0,0.0,0.0,0.0,0.0,0.0
49,39,0.0,0.0,0.0,0.0,0.0,0.0
49,40,0.0,0.0,0.0,0.0,0.0,0.0
49,41,0.0,0.0,0.0,0.0,0.0,0.0
49,42,0.0,0.0,0.0,0.0,0.0,0.0
49,43,0.0,0.0,0.0,0.0,0.0,0.0
49,44,0.0,0.0,0.0,0.0,0.0,0.0
49,45,0.0,0.0,0.0,0.0,0.0,0.0
49,46,0.0,0.0,0.0,0.0,0.0,2.11844743905555e-07
49,47,0.0,0.0,0.0,0.0,0.0,0.0
49,48,0.0,0.0,0.0,0.0,0.0,0.0
49,49,0.0,0.0,0.0,0.0,0.0,0.0
